Workbook
Name _Toc229405416: 'Danh sách chức năng'!#REF!
Name _Toc229405417: 'Danh sách chức năng'!#REF!
Name _Toc229405418: 'Danh sách chức năng'!#REF!
Name _Toc229405419: 'Danh sách chức năng'!#REF!
Name _Toc229405420: 'Danh sách chức năng'!#REF!
Name _Toc229405421: 'Danh sách chức năng'!#REF!
Name _Toc229405422: 'Danh sách chức năng'!#REF!
Name _Toc229405423: 'Danh sách chức năng'!#REF!
Name _Toc229405424: 'Danh sách chức năng'!#REF!
Name _Toc229405425: 'Danh sách chức năng'!#REF!
Name _Toc229405426: 'Danh sách chức năng'!#REF!
Name _Toc229405427: 'Danh sách chức năng'!#REF!
Name _Toc229405428: 'Danh sách chức năng'!#REF!
Name _Toc229405429: 'Danh sách chức năng'!#REF!
Name _Toc229405430: 'Danh sách chức năng'!#REF!
Name _Toc229405431: 'Danh sách chức năng'!#REF!
Name _Toc229405432: 'Danh sách chức năng'!#REF!
Name _Toc229405433: 'Danh sách chức năng'!#REF!
Name _Toc229405434: 'Danh sách chức năng'!#REF!
Name _Toc229405435: 'Danh sách chức năng'!#REF!
Name _Toc229405436: 'Danh sách chức năng'!#REF!
Name _Toc229405437: 'Danh sách chức năng'!#REF!
Name _Toc229405438: 'Danh sách chức năng'!#REF!
Name _Toc229405439: 'Danh sách chức năng'!#REF!
Name _Toc229405440: 'Danh sách chức năng'!#REF!
Name _Toc229405441: 'Danh sách chức năng'!#REF!
Name _Toc229405442: 'Danh sách chức năng'!#REF!
Name _Toc229405443: 'Danh sách chức năng'!#REF!
Name _Toc229405444: 'Danh sách chức năng'!#REF!
Name _Toc229405445: 'Danh sách chức năng'!#REF!
Name _Toc229405446: 'Danh sách chức năng'!#REF!
Name _Toc229405447: 'Danh sách chức năng'!#REF!
Name _Toc229405448: 'Danh sách chức năng'!#REF!
Name _Toc229405449: 'Danh sách chức năng'!#REF!
Name _Toc229405450: 'Danh sách chức năng'!#REF!
Name _Toc229405451: 'Danh sách chức năng'!#REF!
Name _Toc229405452: 'Danh sách chức năng'!#REF!
Name _Toc229405453: 'Danh sách chức năng'!#REF!
Name _Toc229405454: 'Danh sách chức năng'!#REF!
Name _Toc229405455: 'Danh sách chức năng'!#REF!
Name _Toc229405456: 'Danh sách chức năng'!#REF!
Name _Toc229405457: 'Danh sách chức năng'!#REF!
Name _Toc229405458: 'Danh sách chức năng'!#REF!
Name _Toc229405459: 'Danh sách chức năng'!#REF!
Name _Toc229405460: 'Danh sách chức năng'!#REF!
Name _Toc229405461: 'Danh sách chức năng'!#REF!
Name _Toc229405462: 'Danh sách chức năng'!#REF!
Name _Toc229405463: 'Danh sách chức năng'!#REF!
Name _Toc229405464: 'Danh sách chức năng'!#REF!
Name _Toc229405465: 'Danh sách chức năng'!#REF!
Name _Toc229405466: 'Danh sách chức năng'!#REF!
Name _Toc229405467: 'Danh sách chức năng'!#REF!
Name _Toc229405468: 'Danh sách chức năng'!#REF!
Name _Toc229405469: 'Danh sách chức năng'!#REF!
Name _Toc229405470: 'Danh sách chức năng'!#REF!
Name _Toc229405471: 'Danh sách chức năng'!#REF!
Name _Toc229405472: 'Danh sách chức năng'!#REF!
Name _Toc229405473: 'Danh sách chức năng'!#REF!
Name _Toc229405474: 'Danh sách chức năng'!#REF!
Name _Toc229405475: 'Danh sách chức năng'!#REF!

Sheet Settings
B2: Đã tiếp nhận | C2: Cao | D2: Hiệp | E2: Hưng | F2: Hoàn thành
B3: Đang thực hiện | C3: Trung bình | D3: Thuấn | E3: Duyên Anh | F3: Đang thực hiện
B4: Hoàn thành | C4: Thấp | E4: Thương | F4: Chưa thực hiện
B5: Đã log bug | E5: Gấm
B6: Không sửa

Sheet Danh sách chức năng
B1: DANH SÁCH GIAO VIỆC VIẾT TESTCASE
A2: STT | B2: Chức năng | C2: SRS | E2: Testcase | I2: Ghi chú
C3: Người thực hiện | D3: Hoàn thành | E3: Người thực hiện | F3: Thời gian dự kiến (giờ) | G3: =(COUNTIF(G5:G999,"Hoàn thành")/COUNTA(C5:C999))*100 -> 59.259259 | H3: Thời gian thực hiện (giờ)
A4: =IF(C4<>"",COUNTA($C$4:C4),"") | B4: Thông tin chung
A5: =IF(C5<>"",COUNTA($C$4:C5),"") -> 1 | B5: Sản phẩm | C5: Gấm | D5: Hoàn thành | E5: Gấm | G5: Hoàn thành
A6: =IF(C6<>"",COUNTA($C$4:C6),"") -> 2 | B6: Phân loại sản phẩm | C6: Gấm | D6: Hoàn thành | E6: Gấm | F6: 1 | G6: Hoàn thành
A7: =IF(C7<>"",COUNTA($C$4:C7),"") -> 3 | B7: Thuộc tính sản phẩm | C7: Gấm | D7: Hoàn thành | E7: Gấm | F7: 1 | G7: Hoàn thành
A8: =IF(C8<>"",COUNTA($C$4:C8),"") -> 4 | B8: Bán thành phẩm | C8: Gấm | D8: Hoàn thành | E8: Gấm | F8: 1 | G8: Hoàn thành
A9: =IF(C9<>"",COUNTA($C$4:C9),"") -> 5 | B9: Quản lý thiết bị | C9: Gấm | D9: Hoàn thành | E9: Gấm | F9: 1 | G9: Hoàn thành
A10: =IF(C10<>"",COUNTA($C$4:C10),"") -> 6 | B10: Quản lý dụng cụ | C10: Gấm | D10: Hoàn thành | E10: Gấm | F10: 1 | G10: Hoàn thành
A11: =IF(C11<>"",COUNTA($C$4:C11),"") -> 7 | B11: Quản lý đơn vị đo lường | C11: Gấm | D11: Hoàn thành | E11: Gấm | F11: 1 | G11: Hoàn thành
A12: =IF(C12<>"",COUNTA($C$4:C12),"") -> 8 | B12: Lỗi sản phẩm NG | C12: Hưng | D12: Hoàn thành | E12: Gấm | F12: 1 | G12: Hoàn thành
A13: =IF(C13<>"",COUNTA($C$4:C13),"") -> 9 | B13: Nguyên nhân dừng máy | C13: Hưng | D13: Hoàn thành | E13: Gấm | F13: 1 | G13: Hoàn thành
A14: =IF(C14<>"",COUNTA($C$4:C14),"") -> 10 | B14: Công đoạn | C14: Hưng | D14: Hoàn thành | E14: Gấm | F14: 1 | G14: Hoàn thành
A15: =IF(C15<>"",COUNTA($C$4:C15),"") -> 11 | B15: Quy trình mẫu | C15: Hưng | D15: Hoàn thành | E15: Gấm | F15: 1 | G15: Hoàn thành
A16: =IF(C16<>"",COUNTA($C$4:C16),"") -> 12 | B16: Định mức NVL | C16: Hưng | D16: Hoàn thành | E16: Gấm | F16: 1 | G16: Hoàn thành
A17: =IF(C17<>"",COUNTA($C$4:C17),"") -> 13 | B17: Quy trình công nghệ | C17: Hưng | D17: Hoàn thành | E17: Gấm | F17: 1
A18: =IF(C18<>"",COUNTA($C$4:C18),"") -> 14 | B18: Mẫu báo cáo | C18: Hưng | D18: Hoàn thành | E18: Gấm | F18: 1 | G18: Hoàn thành
A19: =IF(C19<>"",COUNTA($C$4:C19),"") -> 15 | B19: Kho | C19: Thương | D19: Hoàn thành | E19: Gấm | F19: 1 | G19: Hoàn thành
A20: =IF(C20<>"",COUNTA($C$4:C20),"") -> 16 | B20: Kệ kho | C20: Thương | D20: Hoàn thành | E20: Gấm | F20: 1 | G20: Chưa thực hiện
A21: =IF(C21<>"",COUNTA($C$4:C21),"") -> 17 | B21: Mã vạch | C21: Thương | D21: Hoàn thành | E21: Gấm | F21: 1 | G21: Hoàn thành
A22: =IF(C22<>"",COUNTA($C$4:C22),"") -> 18 | B22: Nhà cung cấp | C22: Thương | D22: Hoàn thành | E22: Gấm | F22: 1 | G22: Hoàn thành
A23: =IF(C23<>"",COUNTA($C$4:C23),"") -> 19 | B23: Đơn vị sản xuất | C23: Thương | D23: Hoàn thành | E23: Gấm | F23: 1
A24: =IF(C24<>"",COUNTA($C$4:C24),"") -> 20 | B24: Nhân viên | C24: Thương | D24: Hoàn thành | E24: Gấm | F24: 1 | G24: Hoàn thành
A25: =IF(C25<>"",COUNTA($C$4:C25),"") -> 21 | B25: Ca làm việc | C25: Thương | D25: Hoàn thành | E25: Gấm | F25: 1
A26: =IF(C26<>"",COUNTA($C$4:C26),"") -> 22 | B26: Bậc thợ | C26: Thương | D26: Hoàn thành | E26: Gấm | F26: 1 | G26: Hoàn thành
A27: =IF(C27<>"",COUNTA($C$4:C27),"") -> 23 | B27: Lịch làm việc | C27: Thương | D27: Hoàn thành | E27: Gấm | F27: 1 | G27: Hoàn thành
A28: =IF(C28<>"",COUNTA($C$4:C28),"") | B28: Vật tư | G28: Hoàn thành
A29: =IF(C29<>"",COUNTA($C$4:C29),"") | B29: Hạng mục bảo trì
A30: =IF(C30<>"",COUNTA($C$4:C30),"") | B30: Sản xuất
A31: =IF(C31<>"",COUNTA($C$4:C31),"") -> 24 | B31: Lệnh sản xuất | C31: Duyên Anh | D31: Hoàn thành | E31: Duyên Anh | F31: 8 | G31: Hoàn thành
A32: =IF(C32<>"",COUNTA($C$4:C32),"") -> 25 | B32: Hoạt động sản xuất | C32: Duyên Anh | D32: Hoàn thành | E32: Duyên Anh | F32: 1
A33: =IF(C33<>"",COUNTA($C$4:C33),"") -> 26 | B33: Phân công sản xuất | C33: Duyên Anh | D33: Hoàn thành | E33: Duyên Anh | F33: 1
A34: =IF(C34<>"",COUNTA($C$4:C34),"") -> 27 | B34: Phân công nhân viên | C34: Duyên Anh | D34: Hoàn thành | E34: Duyên Anh | F34: 1
A35: =IF(C35<>"",COUNTA($C$4:C35),"") -> 28 | B35: Bảng phân ca tháng | C35: Duyên Anh | D35: Hoàn thành | E35: Duyên Anh | F35: 1
A36: =IF(C36<>"",COUNTA($C$4:C36),"") -> 29 | B36: Bảng chấm công tháng | C36: Duyên Anh | D36: Hoàn thành | E36: Duyên Anh | F36: 1
A37: =IF(C37<>"",COUNTA($C$4:C37),"") -> 30 | B37: Lịch sử hoạt động | C37: Duyên Anh | D37: Hoàn thành | E37: Thương | F37: 1
A38: =IF(C38<>"",COUNTA($C$4:C38),"") -> 31 | B38: Lịch sử dừng máy | C38: Duyên Anh | D38: Hoàn thành | E38: Thương | F38: 1
A39: =IF(C39<>"",COUNTA($C$4:C39),"") -> 32 | B39: Tổng hợp lệnh sản xuất | C39: Duyên Anh | D39: Hoàn thành | E39: Thương | F39: 1
A40: =IF(C40<>"",COUNTA($C$4:C40),"") | B40: Lập lịch tổng hợp ca
A41: =IF(C41<>"",COUNTA($C$4:C41),"") | B41: Tổng hợp ca sản xuất
A42: =IF(C42<>"",COUNTA($C$4:C42),"") | B42: Kho
A43: =IF(C43<>"",COUNTA($C$4:C43),"") -> 33 | B43: Yêu cầu điều vận | C43: Thương | D43: Hoàn thành | E43: Thương | F43: 8 | G43: Hoàn thành
A44: =IF(C44<>"",COUNTA($C$4:C44),"") -> 34 | B44: Quản lý phiếu | C44: Thương | D44: Hoàn thành | E44: Thương | F44: 1 | G44: Hoàn thành
A45: =IF(C45<>"",COUNTA($C$4:C45),"") -> 35 | B45: Cấu hình kho | C45: Thương | D45: Hoàn thành | E45: Thương | F45: 1 | G45: Hoàn thành
A46: =IF(C46<>"",COUNTA($C$4:C46),"") -> 36 | B46: Dòng chuyển kho | C46: Thương | D46: Hoàn thành | E46: Thương | F46: 1 | G46: Hoàn thành
A47: =IF(C47<>"",COUNTA($C$4:C47),"") -> 37 | B47: Kiểm kho | C47: Thương | D47: Hoàn thành | E47: Thương | F47: 1 | G47: Hoàn thành
A48: =IF(C48<>"",COUNTA($C$4:C48),"") -> 38 | B48: Truy xuất | C48: Thương | D48: Hoàn thành | E48: Thương | F48: 1 | G48: Hoàn thành
A49: =IF(C49<>"",COUNTA($C$4:C49),"") -> 39 | B49: Tra cứu | C49: Thương | D49: Hoàn thành | E49: Thương | F49: 1 | G49: Hoàn thành
A50: =IF(C50<>"",COUNTA($C$4:C50),"") | B50: Chất lượng
A51: =IF(C51<>"",COUNTA($C$4:C51),"") -> 40 | B51: Loại kiểm tra | C51: Gấm | D51: Hoàn thành | E51: Thương | F51: 1 | G51: Hoàn thành
A52: =IF(C52<>"",COUNTA($C$4:C52),"") -> 41 | B52: Đặc tính kiểm tra | C52: Gấm | D52: Hoàn thành | E52: Thương | F52: 1 | G52: Hoàn thành
A53: =IF(C53<>"",COUNTA($C$4:C53),"") -> 42 | B53: Đội kiểm tra | C53: Gấm | D53: Hoàn thành | E53: Thương | F53: 1 | G53: Hoàn thành
A54: =IF(C54<>"",COUNTA($C$4:C54),"") -> 43 | B54: Kế hoạch kiểm tra | C54: Gấm | D54: Hoàn thành | E54: Thương | F54: 1 | G54: Hoàn thành
A55: =IF(C55<>"",COUNTA($C$4:C55),"") -> 44 | B55: Phiếu nghiệm thu | C55: Gấm | D55: Hoàn thành | E55: Thương | F55: 1 | G55: Đang thực hiện
A56: =IF(C56<>"",COUNTA($C$4:C56),"") -> 45 | B56: Tần suất kiểm | C56: Gấm | D56: Hoàn thành | E56: Thương | F56: 1
A57: =IF(C57<>"",COUNTA($C$4:C57),"") | B57: Thực thi sản xuất
A58: =IF(C58<>"",COUNTA($C$4:C58),"") -> 46 | B58: Thao tác sản xuất | C58: Hưng | D58: Hoàn thành | E58: Thương | F58: 1
A59: =IF(C59<>"",COUNTA($C$4:C59),"") -> 47 | B59: OI xuất nhập kho | C59: Hưng | D59: Hoàn thành | E59: Thương | F59: 1
A60: =IF(C60<>"",COUNTA($C$4:C60),"") -> 48 | B60: Chấm công | C60: Hưng | D60: Hoàn thành | E60: Thương | F60: 1
A61: =IF(C61<>"",COUNTA($C$4:C61),"") -> 49 | B61: Tiêu thụ nguyên vật liệu | C61: Hưng | D61: Hoàn thành | E61: Thương | F61: 1
A62: =IF(C62<>"",COUNTA($C$4:C62),"") -> 50 | B62: Trả nguyên vật liệu | C62: Hưng | D62: Hoàn thành | E62: Thương | F62: 1
A63: =IF(C63<>"",COUNTA($C$4:C63),"") | B63: Nhân sự
A64: =IF(C64<>"",COUNTA($C$4:C64),"") | B64: Đơn từ
A65: =IF(C65<>"",COUNTA($C$4:C65),"") | B65: Đơn từ cần phê duyệt
A66: =IF(C66<>"",COUNTA($C$4:C66),"") | B66: Bảo trì
A67: =IF(C67<>"",COUNTA($C$4:C67),"") | B67: Bảo trì thiết bị
A68: =IF(C68<>"",COUNTA($C$4:C68),"") | B68: Yêu cầu bảo trì
A69: =IF(C69<>"",COUNTA($C$4:C69),"") | B69: Báo cáo bảo trì
A70: =IF(C70<>"",COUNTA($C$4:C70),"") | B70: Hệ thống
A71: =IF(C71<>"",COUNTA($C$4:C71),"") -> 51 | B71: Tài khoản | C71: Gấm | D71: Hoàn thành | E71: Gấm | F71: 1
A72: =IF(C72<>"",COUNTA($C$4:C72),"") -> 52 | B72: Vai trò | C72: Gấm | D72: Hoàn thành | E72: Gấm | F72: 1
A73: =IF(C73<>"",COUNTA($C$4:C73),"") -> 53 | B73: Quyền | C73: Gấm | D73: Hoàn thành | E73: Gấm | F73: 1
A74: =IF(C74<>"",COUNTA($C$4:C74),"") -> 54 | B74: Quyền dữ liệu | C74: Gấm | D74: Hoàn thành | E74: Gấm | F74: 1
A75: =IF(C75<>"",COUNTA($C$4:C75),"") | B75: Nhà cung cấp ký số
A76: =IF(C76<>"",COUNTA($C$4:C76),"") | B76: Mẫu ký
A77: =IF(C77<>"",COUNTA($C$4:C77),"") | B77: Hồ sơ ký số
A78: =IF(C78<>"",COUNTA($C$4:C78),"") | B78: Cấu hình mã
A79: =IF(C79<>"",COUNTA($C$4:C79),"") | B79: Quy trình giao việc
A80: =IF(C80<>"",COUNTA($C$4:C80),"") | B80: Tích hợp

Sheet Issue
D1: Link: https://mes-demo.intechno.vn | E1: TK Quản trị hệ thống: demo@z195.vn / 123456 TK nguoi dung: / 123456
A3: Mã lỗi | B3: Ngày log | C3: Tên bug | D3: Các bước thực hiện | E3: Kết quả mong muốn | F3: Kết quả thực tế | G3: Hình ảnh/ video | H3: Mức độ ưu tiên | I3: BA/Tester | J3: Dev | K3: Ngày fix bug | L3: Trạng thái | M3: Ghi chú
C4: =SUBTOTAL(3,C5:C999) -> 2 | G4: Link chứa hình ảnh/ video bugs | H4: =SUBTOTAL(3,H5:H999) -> 2 | L4: =SUBTOTAL(3,L5:L999) -> 2
A5: QLP11-01 | B5: 46167 | C5: [Kho].[Phiếu nhập/ xuất kho].Không bấm "Đặt lại" filter được | D5: B1: Truy cập https://mes-bd.intechno.vn/stock/request B2: Chọn Kho: "Kho nguyên vật liệu 618" B3: Chọn trạng thái bất kỳ “Đã lập kế hoạch” B4: Bấm Đặt lại | E5: - Xóa toàn bộ dữ liệu filter đã nhập - Danh sách dữ liệu trở về trạng thái mặc định | F5: - Không xóa toàn bộ dữ liệu filter đã nhập - Vẫn hiển thị danh sách phiếu theo filter đã nhập | G5: QLP11-01 | H5: Trung bình | I5: Thương | J5: Thuấn | K5: 27/05/2026 | L5: Hoàn thành
A6: LSX021 - LSX028 | B6: 46169 | C6: [Sản xuất].[Lệnh sản xuất].Khi thêm mới lệnh sản xuất cho - Số lượng sản xuất bằng 0 khi lưu ra màn danh sách lệnh sản xuất lại hiện 0/1 - Kiểm tra thêm mới Lệnh sản xuất thành công khi Ngày kết thúc nhỏ hơn Ngày bắt đầu vẫn cho lưu lệnh sản xuất thành công | D6: Bước 1: Nhấn nút "+ Thêm mới" Bước 2: Nhập đầy đủ các trường bắt buộc . Nhập Số lượng sản xuất = 0 Bước 3: Chọn tab "Ngày sản xuất" Bước 4: Nhập "Ngày bắt đầu" = "25/05/2026" Bước 5: Nhập "Ngày kết thúc" = "21/05/2026" Bước 6: Nhấn nút "Lưu" | E6: - Hệ thống chỉ cho phép nhập Số lượng sản xuất lớn hơn 0. Khi người dùng nhập giá trị nhỏ hơn hoặc bằng 0, hệ thống hiển thị thông báo lỗi và không cho phép lưu dữ liệu. - Sau khi tạo mới và lưu Lệnh sản xuất thành công, toàn bộ thông tin hiển thị trên giao diện phải trùng khớp hoàn toàn với dữ liệu được lưu trong database. - Hệ thống chỉ cho phép lưu khi Ngày bắt đầu nhỏ hơn Ngày kết thúc. Nếu Ngày bắt đầu lớn hơn hoặc bằng Ngày kết thúc, hệ thống hiển thị thông báo lỗi và không cho phép lưu dữ liệu. | F6: - Hệ thống vẫn cho phép người dùng nhập Số lượng sản xuất bằng 0. - Khi nhập Số lượng sản xuất = 0 và thực hiện lưu, màn hình danh sách hiển thị giá trị 0/1 trong khi dữ liệu lưu trong database là 0, dẫn đến dữ liệu hiển thị không đồng nhất với database. - Hệ thống vẫn cho phép nhập và lưu Ngày bắt đầu nhỏ hơn Ngày kết thúc đối với cả trường Ngày bắt đầu kế hoạch/Ngày kết thúc kế hoạch và Ngày bắt đầu thực tế/Ngày kết thúc thực tế. | G6: LSX021 - LSX028 | H6: Trung bình | I6: Duyên Anh | J6: Thuấn | K6: 27/05/2027 | L6: Hoàn thành

Sheet Tổng hợp
B1: KẾT QUẢ KIỂM THỬ *
B2: Số trường hợp kiểm thử đạt (P) | C2: =E86 -> #REF! | D2: =C2/$C$6 -> #REF! | F2: Link: https://mes-demo.intechno.vn
B3: Số trường hợp kiểm thử không đạt (F) | C3: =F86 -> #REF! | D3: =C3/$C$6 -> #REF!
B4: Số trường hợp kiểm thử đang xem xét (PE) | C4: =G86 -> #REF! | D4: =C4/$C$6 -> #REF! | F4: TK Quản trị hệ thống: demo@z195.vn / 123456
B5: Số trường hợp kiểm thử chưa thực hiện | C5: =C6-C2-C3-C4 -> #REF! | D5: =C5/$C$6 -> #REF! | F5: TK nguoi dung: / 123456
B6: Tổng số trường hợp kiểm thử | C6: =C86 -> #REF!
A7: BẢNG TRỰC GIAO | X7: HYPERLINK(""&"#'"&'Tổng hợp'!X10&"'!A1"&"";'Tổng hợp'!W10)
A8: STT | B8: BẢNG TRỰC GIAO | C8: Tổng số trường hợp kiểm thử | D8: Tỷ lệ % Cover testing | E8: Đạt (P) | F8: Ko đạt (F) | G8: Đang xem xét (PE) | H8: Chưa thực hiện | I8: Ghi chú | K8: Tên Sheet | X8: Quay lại trang Tổng hợp
B9: Thông tin chung | W9: Thông tin chung
A10: 1 | B10: =HYPERLINK(""&"#'"&'Tổng hợp'!X10&"'!A1"&"",'Tổng hợp'!W10) -> Sản phẩm | C10: =IF(X10<>"",INDIRECT(X10&"!$e$8"),"") -> 159 | D10: =IF(AND(C10<>"",C10<>0),SUM(E10:F10)/C10,"") -> 0 | E10: =IF(X10<>"",INDIRECT(X10&"!$e$4"),"") -> 0 | F10: =IF(X10<>"",INDIRECT(X10&"!$e$5"),"") -> 0 | G10: =IF(X10<>"",INDIRECT("'"&X10&"'!$e$6"),"") -> 0 | H10: =IF(X10<>"",INDIRECT("'"&X10&"'!$e$7"),"") -> 159 | K10: =X10 -> SanPham | W10: Sản phẩm | X10: SanPham
A11: 2 | B11: =HYPERLINK(""&"#'"&'Tổng hợp'!X11&"'!A1"&"",'Tổng hợp'!W11) -> Phân loại sản phẩm | C11: =IF(X11<>"",INDIRECT(X11&"!$e$8"),"") -> 159 | D11: =IF(AND(C11<>"",C11<>0),SUM(E11:F11)/C11,"") -> 0 | E11: =IF(X11<>"",INDIRECT(X11&"!$e$4"),"") -> 0 | F11: =IF(X11<>"",INDIRECT(X11&"!$e$5"),"") -> 0 | G11: =IF(X11<>"",INDIRECT("'"&X11&"'!$e$6"),"") -> 0 | H11: =IF(X11<>"",INDIRECT("'"&X11&"'!$e$7"),"") -> 159 | K11: =X11 -> PhanLoaiSanPham | W11: Phân loại sản phẩm | X11: PhanLoaiSanPham
A12: 3 | B12: =HYPERLINK(""&"#'"&'Tổng hợp'!X12&"'!A1"&"",'Tổng hợp'!W12) -> Thuộc tính sản phẩm | C12: =IF(X12<>"",INDIRECT(X12&"!$e$8"),"") | D12: =IF(AND(C12<>"",C12<>0),SUM(E12:F12)/C12,"") | E12: =IF(X12<>"",INDIRECT(X12&"!$e$4"),"") -> 0 | F12: =IF(X12<>"",INDIRECT(X12&"!$e$5"),"") -> 0 | G12: =IF(X12<>"",INDIRECT("'"&X12&"'!$e$6"),"") -> 0 | H12: =IF(X12<>"",INDIRECT("'"&X12&"'!$e$7"),"") -> 159 | K12: =X12 -> ThuocTinhSanPham | W12: Thuộc tính sản phẩm | X12: ThuocTinhSanPham
A13: 4 | B13: =HYPERLINK(""&"#'"&'Tổng hợp'!X13&"'!A1"&"",'Tổng hợp'!W13) -> Bán thành phẩm | C13: =IF(X13<>"",INDIRECT(X13&"!$e$8"),"") -> #REF! | D13: =IF(AND(C13<>"",C13<>0),SUM(E13:F13)/C13,"") -> #REF! | E13: =IF(X13<>"",INDIRECT(X13&"!$e$4"),"") -> #REF! | F13: =IF(X13<>"",INDIRECT(X13&"!$e$5"),"") -> #REF! | G13: =IF(X13<>"",INDIRECT("'"&X13&"'!$e$6"),"") -> #REF! | H13: =IF(X13<>"",INDIRECT("'"&X13&"'!$e$7"),"") -> #REF! | K13: =X13 -> BanThanhPham | W13: Bán thành phẩm | X13: BanThanhPham
A14: 5 | B14: =HYPERLINK(""&"#'"&'Tổng hợp'!X14&"'!A1"&"",'Tổng hợp'!W14) -> Quản lý thiết bị | C14: =IF(X14<>"",INDIRECT(X14&"!$e$8"),"") -> 159 | D14: =IF(AND(C14<>"",C14<>0),SUM(E14:F14)/C14,"") -> 0 | E14: =IF(X14<>"",INDIRECT(X14&"!$e$4"),"") -> 0 | F14: =IF(X14<>"",INDIRECT(X14&"!$e$5"),"") -> 0 | G14: =IF(X14<>"",INDIRECT("'"&X14&"'!$e$6"),"") -> 0 | H14: =IF(X14<>"",INDIRECT("'"&X14&"'!$e$7"),"") -> 159 | K14: =X14 -> QuanLyThietBi | W14: Quản lý thiết bị | X14: QuanLyThietBi
A15: 8 | B15: =HYPERLINK(""&"#'"&'Tổng hợp'!X15&"'!A1"&"",'Tổng hợp'!W15) -> Quản lý dụng cụ | C15: =IF(X15<>"",INDIRECT(X15&"!$e$8"),"") -> 159 | D15: =IF(AND(C15<>"",C15<>0),SUM(E15:F15)/C15,"") -> 0 | E15: =IF(X15<>"",INDIRECT(X15&"!$e$4"),"") -> 0 | F15: =IF(X15<>"",INDIRECT(X15&"!$e$5"),"") -> 0 | G15: =IF(X15<>"",INDIRECT("'"&X15&"'!$e$6"),"") -> 0 | H15: =IF(X15<>"",INDIRECT("'"&X15&"'!$e$7"),"") -> 159 | K15: =X15 -> QuanLyDungCu | W15: Quản lý dụng cụ | X15: QuanLyDungCu
A16: 9 | B16: =HYPERLINK(""&"#'"&'Tổng hợp'!X16&"'!A1"&"",'Tổng hợp'!W16) -> Quản lý đơn vị đo lường | C16: =IF(X16<>"",INDIRECT(X16&"!$e$8"),"") -> 159 | D16: =IF(AND(C16<>"",C16<>0),SUM(E16:F16)/C16,"") -> 0 | E16: =IF(X16<>"",INDIRECT(X16&"!$e$4"),"") -> 0 | F16: =IF(X16<>"",INDIRECT(X16&"!$e$5"),"") -> 0 | G16: =IF(X16<>"",INDIRECT("'"&X16&"'!$e$6"),"") -> 0 | H16: =IF(X16<>"",INDIRECT("'"&X16&"'!$e$7"),"") -> 159 | K16: =X16 -> QuanLyDonViDoLuong | W16: Quản lý đơn vị đo lường | X16: QuanLyDonViDoLuong
A17: 10 | B17: =HYPERLINK(""&"#'"&'Tổng hợp'!X17&"'!A1"&"",'Tổng hợp'!W17) -> Lỗi sản phẩm NG | C17: =IF(X17<>"",INDIRECT(X17&"!$e$8"),"") -> 159 | D17: =IF(AND(C17<>"",C17<>0),SUM(E17:F17)/C17,"") -> 0 | E17: =IF(X17<>"",INDIRECT(X17&"!$e$4"),"") -> 0 | F17: =IF(X17<>"",INDIRECT(X17&"!$e$5"),"") -> 0 | G17: =IF(X17<>"",INDIRECT("'"&X17&"'!$e$6"),"") -> 0 | H17: =IF(X17<>"",INDIRECT("'"&X17&"'!$e$7"),"") -> 159 | K17: =X17 -> LoiSanPhamNG | W17: Lỗi sản phẩm NG | X17: LoiSanPhamNG
A18: 11 | B18: =HYPERLINK(""&"#'"&'Tổng hợp'!X18&"'!A1"&"",'Tổng hợp'!W18) -> Nguyên nhân dừng máy | C18: =IF(X18<>"",INDIRECT(X18&"!$e$8"),"") -> 159 | D18: =IF(AND(C18<>"",C18<>0),SUM(E18:F18)/C18,"") -> 0 | E18: =IF(X18<>"",INDIRECT(X18&"!$e$4"),"") -> 0 | F18: =IF(X18<>"",INDIRECT(X18&"!$e$5"),"") -> 0 | G18: =IF(X18<>"",INDIRECT("'"&X18&"'!$e$6"),"") -> 0 | H18: =IF(X18<>"",INDIRECT("'"&X18&"'!$e$7"),"") -> 159 | K18: =X18 -> NguyenNhanDungMay | W18: Nguyên nhân dừng máy | X18: NguyenNhanDungMay
A19: 12 | B19: =HYPERLINK(""&"#'"&'Tổng hợp'!X19&"'!A1"&"",'Tổng hợp'!W19) -> Công đoạn | C19: =IF(X19<>"",INDIRECT(X19&"!$e$8"),"") -> 159 | D19: =IF(AND(C19<>"",C19<>0),SUM(E19:F19)/C19,"") -> 0 | E19: =IF(X19<>"",INDIRECT(X19&"!$e$4"),"") -> 0 | F19: =IF(X19<>"",INDIRECT(X19&"!$e$5"),"") -> 0 | G19: =IF(X19<>"",INDIRECT("'"&X19&"'!$e$6"),"") -> 0 | H19: =IF(X19<>"",INDIRECT("'"&X19&"'!$e$7"),"") -> 159 | K19: =X19 -> CongDoan | W19: Công đoạn | X19: CongDoan
A20: 13 | B20: =HYPERLINK(""&"#'"&'Tổng hợp'!X20&"'!A1"&"",'Tổng hợp'!W20) -> Quy trình mẫu | C20: =IF(X20<>"",INDIRECT(X20&"!$e$8"),"") -> #REF! | D20: =IF(AND(C20<>"",C20<>0),SUM(E20:F20)/C20,"") -> #REF! | E20: =IF(X20<>"",INDIRECT(X20&"!$e$4"),"") -> #REF! | F20: =IF(X20<>"",INDIRECT(X20&"!$e$5"),"") -> #REF! | G20: =IF(X20<>"",INDIRECT("'"&X20&"'!$e$6"),"") -> #REF! | H20: =IF(X20<>"",INDIRECT("'"&X20&"'!$e$7"),"") -> #REF! | K20: =X20 -> QuyTrinhMau | W20: Quy trình mẫu | X20: QuyTrinhMau
A21: 14 | B21: =HYPERLINK(""&"#'"&'Tổng hợp'!X21&"'!A1"&"",'Tổng hợp'!W21) -> Định mức NVL | C21: =IF(X21<>"",INDIRECT(X21&"!$e$8"),"") -> #REF! | D21: =IF(AND(C21<>"",C21<>0),SUM(E21:F21)/C21,"") -> #REF! | E21: =IF(X21<>"",INDIRECT(X21&"!$e$4"),"") -> #REF! | F21: =IF(X21<>"",INDIRECT(X21&"!$e$5"),"") -> #REF! | G21: =IF(X21<>"",INDIRECT("'"&X21&"'!$e$6"),"") -> #REF! | H21: =IF(X21<>"",INDIRECT("'"&X21&"'!$e$7"),"") -> #REF! | K21: =X21 -> DinhMucNVL | W21: Định mức NVL | X21: DinhMucNVL
... A34: 16 | B34: =HYPERLINK(""&"#'"&'Tổng hợp'!X34&"'!A1"&"",'Tổng hợp'!W34) -> Hạng mục bảo trì | C34: =IF(X34<>"",INDIRECT(X34&"!$e$8"),"") -> #REF! | D34: =IF(AND(C34<>"",C34<>0),SUM(E34:F34)/C34,"") -> #REF! | E34: =IF(X34<>"",INDIRECT(X34&"!$e$4"),"") -> #REF! | F34: =IF(X34<>"",INDIRECT(X34&"!$e$5"),"") -> #REF! | G34: =IF(X34<>"",INDIRECT("'"&X34&"'!$e$6"),"") -> #REF! | H34: =IF(X34<>"",INDIRECT("'"&X34&"'!$e$7"),"") -> #REF! | K34: =X34 -> HangMucBaoTri | W34: Hạng mục bảo trì | X34: HangMucBaoTri
B35: Sản xuất | C35: =IF(X35<>"",INDIRECT(X35&"!$e$8"),"") | D35: =IF(AND(C35<>"",C35<>0),SUM(E35:F35)/C35,"") | E35: =IF(X35<>"",INDIRECT(X35&"!$e$4"),"") | F35: =IF(X35<>"",INDIRECT(X35&"!$e$5"),"") | G35: =IF(X35<>"",INDIRECT("'"&X35&"'!$e$6"),"") | H35: =IF(X35<>"",INDIRECT("'"&X35&"'!$e$7"),"") | W35: Sản xuất
A36: 50 | B36: =HYPERLINK(""&"#'"&'Tổng hợp'!X36&"'!A1"&"",'Tổng hợp'!W36) -> Lệnh sản xuất | C36: =IF(X36<>"",INDIRECT(X36&"!$e$8"),"") -> 187 | D36: =IF(AND(C36<>"",C36<>0),SUM(E36:F36)/C36,"") -> 0.021390374 | E36: =IF(X36<>"",INDIRECT(X36&"!$e$4"),"") -> 4 | F36: =IF(X36<>"",INDIRECT(X36&"!$e$5"),"") -> 0 | G36: =IF(X36<>"",INDIRECT("'"&X36&"'!$e$6"),"") -> 0 | H36: =IF(X36<>"",INDIRECT("'"&X36&"'!$e$7"),"") -> 183 | K36: =X36 -> LenhSanXuat | W36: Lệnh sản xuất | X36: LenhSanXuat
A37: 51 | B37: =HYPERLINK(""&"#'"&'Tổng hợp'!X37&"'!A1"&"",'Tổng hợp'!W37) -> Hoạt động sản xuất | C37: =IF(X37<>"",INDIRECT(X37&"!$e$8"),"") -> 187 | D37: =IF(AND(C37<>"",C37<>0),SUM(E37:F37)/C37,"") -> 0.021390374 | E37: =IF(X37<>"",INDIRECT(X37&"!$e$4"),"") -> 4 | F37: =IF(X37<>"",INDIRECT(X37&"!$e$5"),"") -> 0 | G37: =IF(X37<>"",INDIRECT("'"&X37&"'!$e$6"),"") -> 0 | H37: =IF(X37<>"",INDIRECT("'"&X37&"'!$e$7"),"") -> 183 | K37: =X37 -> HoatDongSanXuat | W37: Hoạt động sản xuất | X37: HoatDongSanXuat
A38: 52 | B38: =HYPERLINK(""&"#'"&'Tổng hợp'!X38&"'!A1"&"",'Tổng hợp'!W38) -> Phân công sản xuất | C38: =IF(X38<>"",INDIRECT(X38&"!$e$8"),"") -> #REF! | D38: =IF(AND(C38<>"",C38<>0),SUM(E38:F38)/C38,"") -> #REF! | E38: =IF(X38<>"",INDIRECT(X38&"!$e$4"),"") -> #REF! | F38: =IF(X38<>"",INDIRECT(X38&"!$e$5"),"") -> #REF! | G38: =IF(X38<>"",INDIRECT("'"&X38&"'!$e$6"),"") -> #REF! | H38: =IF(X38<>"",INDIRECT("'"&X38&"'!$e$7"),"") -> #REF! | K38: =X38 -> PhanCongSanXuat | W38: Phân công sản xuất | X38: PhanCongSanXuat
A39: 53 | B39: =HYPERLINK(""&"#'"&'Tổng hợp'!X39&"'!A1"&"",'Tổng hợp'!W39) -> Phân công nhân viên | C39: =IF(X39<>"",INDIRECT(X39&"!$e$8"),"") -> #REF! | D39: =IF(AND(C39<>"",C39<>0),SUM(E39:F39)/C39,"") -> #REF! | E39: =IF(X39<>"",INDIRECT(X39&"!$e$4"),"") -> #REF! | F39: =IF(X39<>"",INDIRECT(X39&"!$e$5"),"") -> #REF! | G39: =IF(X39<>"",INDIRECT("'"&X39&"'!$e$6"),"") -> #REF! | H39: =IF(X39<>"",INDIRECT("'"&X39&"'!$e$7"),"") -> #REF! | K39: =X39 -> PhanCongNhanVien | W39: Phân công nhân viên | X39: PhanCongNhanVien
A40: 54 | B40: =HYPERLINK(""&"#'"&'Tổng hợp'!X40&"'!A1"&"",'Tổng hợp'!W40) -> Bảng phân ca tháng | C40: =IF(X40<>"",INDIRECT(X40&"!$e$8"),"") -> #REF! | D40: =IF(AND(C40<>"",C40<>0),SUM(E40:F40)/C40,"") -> #REF! | E40: =IF(X40<>"",INDIRECT(X40&"!$e$4"),"") -> #REF! | F40: =IF(X40<>"",INDIRECT(X40&"!$e$5"),"") -> #REF! | G40: =IF(X40<>"",INDIRECT("'"&X40&"'!$e$6"),"") -> #REF! | H40: =IF(X40<>"",INDIRECT("'"&X40&"'!$e$7"),"") -> #REF! | K40: =X40 -> BangPhanCaThang | W40: Bảng phân ca tháng | X40: BangPhanCaThang
A41: 64 | B41: =HYPERLINK(""&"#'"&'Tổng hợp'!X41&"'!A1"&"",'Tổng hợp'!W41) -> Bảng chấm công tháng | C41: =IF(X41<>"",INDIRECT(X41&"!$e$8"),"") -> #REF! | D41: =IF(AND(C41<>"",C41<>0),SUM(E41:F41)/C41,"") -> #REF! | E41: =IF(X41<>"",INDIRECT(X41&"!$e$4"),"") -> #REF! | F41: =IF(X41<>"",INDIRECT(X41&"!$e$5"),"") -> #REF! | G41: =IF(X41<>"",INDIRECT("'"&X41&"'!$e$6"),"") -> #REF! | H41: =IF(X41<>"",INDIRECT("'"&X41&"'!$e$7"),"") -> #REF! | K41: =X41 -> BangChamCongThang | W41: Bảng chấm công tháng | X41: BangChamCongThang
A42: 65 | B42: =HYPERLINK(""&"#'"&'Tổng hợp'!X42&"'!A1"&"",'Tổng hợp'!W42) -> Lịch sử hoạt động | C42: =IF(X42<>"",INDIRECT(X42&"!$e$8"),"") -> #REF! | D42: =IF(AND(C42<>"",C42<>0),SUM(E42:F42)/C42,"") -> #REF! | E42: =IF(X42<>"",INDIRECT(X42&"!$e$4"),"") -> #REF! | F42: =IF(X42<>"",INDIRECT(X42&"!$e$5"),"") -> #REF! | G42: =IF(X42<>"",INDIRECT("'"&X42&"'!$e$6"),"") -> #REF! | H42: =IF(X42<>"",INDIRECT("'"&X42&"'!$e$7"),"") -> #REF! | K42: =X42 -> LichSuHoatDong | W42: Lịch sử hoạt động | X42: LichSuHoatDong
A43: 66 | B43: =HYPERLINK(""&"#'"&'Tổng hợp'!X43&"'!A1"&"",'Tổng hợp'!W43) -> Lịch sử dừng máy | C43: =IF(X43<>"",INDIRECT(X43&"!$e$8"),"") -> #REF! | D43: =IF(AND(C43<>"",C43<>0),SUM(E43:F43)/C43,"") -> #REF! | E43: =IF(X43<>"",INDIRECT(X43&"!$e$4"),"") -> #REF! | F43: =IF(X43<>"",INDIRECT(X43&"!$e$5"),"") -> #REF! | G43: =IF(X43<>"",INDIRECT("'"&X43&"'!$e$6"),"") -> #REF! | H43: =IF(X43<>"",INDIRECT("'"&X43&"'!$e$7"),"") -> #REF! | K43: =X43 -> LichSuDungMay | W43: Lịch sử dừng máy | X43: LichSuDungMay
A44: 67 | B44: =HYPERLINK(""&"#'"&'Tổng hợp'!X44&"'!A1"&"",'Tổng hợp'!W44) -> Tổng hợp lệnh sản xuất | C44: =IF(X44<>"",INDIRECT(X44&"!$e$8"),"") -> #REF! | D44: =IF(AND(C44<>"",C44<>0),SUM(E44:F44)/C44,"") -> #REF! | E44: =IF(X44<>"",INDIRECT(X44&"!$e$4"),"") -> #REF! | F44: =IF(X44<>"",INDIRECT(X44&"!$e$5"),"") -> #REF! | G44: =IF(X44<>"",INDIRECT("'"&X44&"'!$e$6"),"") -> #REF! | H44: =IF(X44<>"",INDIRECT("'"&X44&"'!$e$7"),"") -> #REF! | K44: =X44 -> TongHopLenhSanXuat | W44: Tổng hợp lệnh sản xuất | X44: TongHopLenhSanXuat
A45: 71 | B45: =HYPERLINK(""&"#'"&'Tổng hợp'!X45&"'!A1"&"",'Tổng hợp'!W45) -> Lập lịch tổng hợp ca | C45: =IF(X45<>"",INDIRECT(X45&"!$e$8"),"") -> #REF! | D45: =IF(AND(C45<>"",C45<>0),SUM(E45:F45)/C45,"") -> #REF! | E45: =IF(X45<>"",INDIRECT(X45&"!$e$4"),"") -> #REF! | F45: =IF(X45<>"",INDIRECT(X45&"!$e$5"),"") -> #REF! | G45: =IF(X45<>"",INDIRECT("'"&X45&"'!$e$6"),"") -> #REF! | H45: =IF(X45<>"",INDIRECT("'"&X45&"'!$e$7"),"") -> #REF! | K45: =X45 -> LapLichTongHopCa | W45: Lập lịch tổng hợp ca | X45: LapLichTongHopCa
A46: 72 | B46: =HYPERLINK(""&"#'"&'Tổng hợp'!X46&"'!A1"&"",'Tổng hợp'!W46) -> Tổng hợp ca sản xuất | C46: =IF(X46<>"",INDIRECT(X46&"!$e$8"),"") -> #REF! | D46: =IF(AND(C46<>"",C46<>0),SUM(E46:F46)/C46,"") -> #REF! | E46: =IF(X46<>"",INDIRECT(X46&"!$e$4"),"") -> #REF! | F46: =IF(X46<>"",INDIRECT(X46&"!$e$5"),"") -> #REF! | G46: =IF(X46<>"",INDIRECT("'"&X46&"'!$e$6"),"") -> #REF! | H46: =IF(X46<>"",INDIRECT("'"&X46&"'!$e$7"),"") -> #REF! | K46: =X46 -> TongHopCaSanXuat | W46: Tổng hợp ca sản xuất | X46: TongHopCaSanXuat
B47: Kho | C47: =IF(X47<>"",INDIRECT(X47&"!$e$8"),"") | D47: =IF(AND(C47<>"",C47<>0),SUM(E47:F47)/C47,"") | E47: =IF(X47<>"",INDIRECT(X47&"!$e$4"),"") | F47: =IF(X47<>"",INDIRECT(X47&"!$e$5"),"") | G47: =IF(X47<>"",INDIRECT("'"&X47&"'!$e$6"),"") | H47: =IF(X47<>"",INDIRECT("'"&X47&"'!$e$7"),"") | W47: Kho
B48: =HYPERLINK(""&"#'"&'Tổng hợp'!X48&"'!A1"&"",'Tổng hợp'!W48) -> Yêu cầu điều vận | C48: =IF(X48<>"",INDIRECT(X48&"!$e$8"),"") -> 294 | D48: =IF(AND(C48<>"",C48<>0),SUM(E48:F48)/C48,"") -> 0.0034013605 | E48: =IF(X48<>"",INDIRECT(X48&"!$e$4"),"") -> 1 | F48: =IF(X48<>"",INDIRECT(X48&"!$e$5"),"") -> 0 | G48: =IF(X48<>"",INDIRECT("'"&X48&"'!$e$6"),"") -> 0 | H48: =IF(X48<>"",INDIRECT("'"&X48&"'!$e$7"),"") -> 293 | K48: =X48 -> YeuCauDieuVan | W48: Yêu cầu điều vận | X48: YeuCauDieuVan
A49: 103 | B49: =HYPERLINK(""&"#'"&'Tổng hợp'!X49&"'!A1"&"",'Tổng hợp'!W49) -> Quản lý phiếu | C49: =IF(X49<>"",INDIRECT(X49&"!$e$8"),"") -> 57 | D49: =IF(AND(C49<>"",C49<>0),SUM(E49:F49)/C49,"") -> 0.01754386 | E49: =IF(X49<>"",INDIRECT(X49&"!$e$4"),"") -> 1 | F49: =IF(X49<>"",INDIRECT(X49&"!$e$5"),"") -> 0 | G49: =IF(X49<>"",INDIRECT("'"&X49&"'!$e$6"),"") -> 0 | H49: =IF(X49<>"",INDIRECT("'"&X49&"'!$e$7"),"") -> 56 | K49: =X49 -> QuanLyPhieu | W49: Quản lý phiếu | X49: QuanLyPhieu
A50: 104 | B50: =HYPERLINK(""&"#'"&'Tổng hợp'!X50&"'!A1"&"",'Tổng hợp'!W50) -> Cấu hình kho | C50: =IF(X50<>"",INDIRECT(X50&"!$e$8"),"") -> 31 | D50: =IF(AND(C50<>"",C50<>0),SUM(E50:F50)/C50,"") -> 0.032258065 | E50: =IF(X50<>"",INDIRECT(X50&"!$e$4"),"") -> 1 | F50: =IF(X50<>"",INDIRECT(X50&"!$e$5"),"") -> 0 | G50: =IF(X50<>"",INDIRECT("'"&X50&"'!$e$6"),"") -> 0 | H50: =IF(X50<>"",INDIRECT("'"&X50&"'!$e$7"),"") -> 30 | K50: =X50 -> CauHinhKho | W50: Cấu hình kho | X50: CauHinhKho
A51: 105 | B51: =HYPERLINK(""&"#'"&'Tổng hợp'!X51&"'!A1"&"",'Tổng hợp'!W51) -> Dòng chuyển kho | C51: =IF(X51<>"",INDIRECT(X51&"!$e$8"),"") -> 25 | D51: =IF(AND(C51<>"",C51<>0),SUM(E51:F51)/C51,"") -> 0.04 | E51: =IF(X51<>"",INDIRECT(X51&"!$e$4"),"") -> 1 | F51: =IF(X51<>"",INDIRECT(X51&"!$e$5"),"") -> 0 | G51: =IF(X51<>"",INDIRECT("'"&X51&"'!$e$6"),"") -> 0 | H51: =IF(X51<>"",INDIRECT("'"&X51&"'!$e$7"),"") -> 24 | K51: =X51 -> DongChuyenKho | W51: Dòng chuyển kho | X51: DongChuyenKho
A52: 106 | B52: =HYPERLINK(""&"#'"&'Tổng hợp'!X52&"'!A1"&"",'Tổng hợp'!W52) -> Kiểm kho | C52: =IF(X52<>"",INDIRECT(X52&"!$e$8"),"") -> 141 | D52: =IF(AND(C52<>"",C52<>0),SUM(E52:F52)/C52,"") -> 0.0070921986 | E52: =IF(X52<>"",INDIRECT(X52&"!$e$4"),"") -> 1 | F52: =IF(X52<>"",INDIRECT(X52&"!$e$5"),"") -> 0 | G52: =IF(X52<>"",INDIRECT("'"&X52&"'!$e$6"),"") -> 0 | H52: =IF(X52<>"",INDIRECT("'"&X52&"'!$e$7"),"") -> 140 | K52: =X52 -> KiemKho | W52: Kiểm kho | X52: KiemKho
A53: 107 | B53: =HYPERLINK(""&"#'"&'Tổng hợp'!X53&"'!A1"&"",'Tổng hợp'!W53) -> Truy xuất | C53: =IF(X53<>"",INDIRECT(X53&"!$e$8"),"") -> 50 | D53: =IF(AND(C53<>"",C53<>0),SUM(E53:F53)/C53,"") -> 0.02 | E53: =IF(X53<>"",INDIRECT(X53&"!$e$4"),"") -> 1 | F53: =IF(X53<>"",INDIRECT(X53&"!$e$5"),"") -> 0 | G53: =IF(X53<>"",INDIRECT("'"&X53&"'!$e$6"),"") -> 0 | H53: =IF(X53<>"",INDIRECT("'"&X53&"'!$e$7"),"") -> 49 | K53: =X53 -> TruyXuat | W53: Truy xuất | X53: TruyXuat
A54: 108 | B54: =HYPERLINK(""&"#'"&'Tổng hợp'!X54&"'!A1"&"",'Tổng hợp'!W54) -> Tra cứu | C54: =IF(X54<>"",INDIRECT(X54&"!$e$8"),"") -> 42 | D54: =IF(AND(C54<>"",C54<>0),SUM(E54:F54)/C54,"") -> 0.023809524 | E54: =IF(X54<>"",INDIRECT(X54&"!$e$4"),"") -> 1 | F54: =IF(X54<>"",INDIRECT(X54&"!$e$5"),"") -> 0 | G54: =IF(X54<>"",INDIRECT("'"&X54&"'!$e$6"),"") -> 0 | H54: =IF(X54<>"",INDIRECT("'"&X54&"'!$e$7"),"") -> 41 | K54: =X54 -> TraCuu | W54: Tra cứu | X54: TraCuu
B55: Chất lượng | C55: =IF(X55<>"",INDIRECT(X55&"!$e$8"),"") | D55: =IF(AND(C55<>"",C55<>0),SUM(E55:F55)/C55,"") | E55: =IF(X55<>"",INDIRECT(X55&"!$e$4"),"") | F55: =IF(X55<>"",INDIRECT(X55&"!$e$5"),"") | G55: =IF(X55<>"",INDIRECT("'"&X55&"'!$e$6"),"") | H55: =IF(X55<>"",INDIRECT("'"&X55&"'!$e$7"),"") | W55: Chất lượng
A56: 111 | B56: =HYPERLINK(""&"#'"&'Tổng hợp'!X56&"'!A1"&"",'Tổng hợp'!W56) -> Loại kiểm tra | C56: =IF(X56<>"",INDIRECT(X56&"!$e$8"),"") -> 69 | D56: =IF(AND(C56<>"",C56<>0),SUM(E56:F56)/C56,"") -> 0.014492754 | E56: =IF(X56<>"",INDIRECT(X56&"!$e$4"),"") -> 1 | F56: =IF(X56<>"",INDIRECT(X56&"!$e$5"),"") -> 0 | G56: =IF(X56<>"",INDIRECT("'"&X56&"'!$e$6"),"") -> 0 | H56: =IF(X56<>"",INDIRECT("'"&X56&"'!$e$7"),"") -> 68 | K56: =X56 -> LoaiKiemTra | W56: Loại kiểm tra | X56: LoaiKiemTra
A57: 112 | B57: =HYPERLINK(""&"#'"&'Tổng hợp'!X57&"'!A1"&"",'Tổng hợp'!W57) -> Đặc tính kiểm tra | C57: =IF(X57<>"",INDIRECT(X57&"!$e$8"),"") -> 69 | D57: =IF(AND(C57<>"",C57<>0),SUM(E57:F57)/C57,"") -> 0.014492754 | E57: =IF(X57<>"",INDIRECT(X57&"!$e$4"),"") -> 1 | F57: =IF(X57<>"",INDIRECT(X57&"!$e$5"),"") -> 0 | G57: =IF(X57<>"",INDIRECT("'"&X57&"'!$e$6"),"") -> 0 | H57: =IF(X57<>"",INDIRECT("'"&X57&"'!$e$7"),"") -> 68 | K57: =X57 -> DacTinhKiemTra | W57: Đặc tính kiểm tra | X57: DacTinhKiemTra
A58: 114 | B58: =HYPERLINK(""&"#'"&'Tổng hợp'!X58&"'!A1"&"",'Tổng hợp'!W58) -> Đội kiểm tra | C58: =IF(X58<>"",INDIRECT(X58&"!$e$8"),"") -> 86 | D58: =IF(AND(C58<>"",C58<>0),SUM(E58:F58)/C58,"") -> 0.011627907 | E58: =IF(X58<>"",INDIRECT(X58&"!$e$4"),"") -> 1 | F58: =IF(X58<>"",INDIRECT(X58&"!$e$5"),"") -> 0 | G58: =IF(X58<>"",INDIRECT("'"&X58&"'!$e$6"),"") -> 0 | H58: =IF(X58<>"",INDIRECT("'"&X58&"'!$e$7"),"") -> 85 | K58: =X58 -> DoiKiemTra | W58: Đội kiểm tra | X58: DoiKiemTra
A59: 115 | B59: =HYPERLINK(""&"#'"&'Tổng hợp'!X59&"'!A1"&"",'Tổng hợp'!W59) -> Kế hoạch kiểm tra | C59: =IF(X59<>"",INDIRECT(X59&"!$e$8"),"") -> 203 | D59: =IF(AND(C59<>"",C59<>0),SUM(E59:F59)/C59,"") -> 0.0049261084 | E59: =IF(X59<>"",INDIRECT(X59&"!$e$4"),"") -> 1 | F59: =IF(X59<>"",INDIRECT(X59&"!$e$5"),"") -> 0 | G59: =IF(X59<>"",INDIRECT("'"&X59&"'!$e$6"),"") -> 0 | H59: =IF(X59<>"",INDIRECT("'"&X59&"'!$e$7"),"") -> 202 | K59: =X59 -> KeHoachKiemTra | W59: Kế hoạch kiểm tra | X59: KeHoachKiemTra
A60: 116 | B60: =HYPERLINK(""&"#'"&'Tổng hợp'!X60&"'!A1"&"",'Tổng hợp'!W60) -> Phiếu nghiệm thu | C60: =IF(X60<>"",INDIRECT(X60&"!$e$8"),"") -> 213 | D60: =IF(AND(C60<>"",C60<>0),SUM(E60:F60)/C60,"") -> 0.014084507 | E60: =IF(X60<>"",INDIRECT(X60&"!$e$4"),"") -> 3 | F60: =IF(X60<>"",INDIRECT(X60&"!$e$5"),"") -> 0 | G60: =IF(X60<>"",INDIRECT("'"&X60&"'!$e$6"),"") -> 0 | H60: =IF(X60<>"",INDIRECT("'"&X60&"'!$e$7"),"") -> 210 | K60: =X60 -> PhieuNghiemThu | W60: Phiếu nghiệm thu | X60: PhieuNghiemThu
A61: 116 | B61: =HYPERLINK(""&"#'"&'Tổng hợp'!X61&"'!A1"&"",'Tổng hợp'!W61) -> Tần suất kiểm | C61: =IF(X61<>"",INDIRECT(X61&"!$e$8"),"") -> #REF! | D61: =IF(AND(C61<>"",C61<>0),SUM(E61:F61)/C61,"") -> #REF! | E61: =IF(X61<>"",INDIRECT(X61&"!$e$4"),"") -> #REF! | F61: =IF(X61<>"",INDIRECT(X61&"!$e$5"),"") -> #REF! | G61: =IF(X61<>"",INDIRECT("'"&X61&"'!$e$6"),"") -> #REF! | H61: =IF(X61<>"",INDIRECT("'"&X61&"'!$e$7"),"") -> #REF! | K61: =X61 -> TanSuatKiem | W61: Tần suất kiểm | X61: TanSuatKiem
B62: Thực thi sản xuất | C62: =IF(X62<>"",INDIRECT(X62&"!$e$8"),"") | D62: =IF(AND(C62<>"",C62<>0),SUM(E62:F62)/C62,"") | E62: =IF(X62<>"",INDIRECT(X62&"!$e$4"),"") | F62: =IF(X62<>"",INDIRECT(X62&"!$e$5"),"") | G62: =IF(X62<>"",INDIRECT("'"&X62&"'!$e$6"),"") | H62: =IF(X62<>"",INDIRECT("'"&X62&"'!$e$7"),"") | W62: Thực thi sản xuất
A63: 191 | B63: =HYPERLINK(""&"#'"&'Tổng hợp'!X63&"'!A1"&"",'Tổng hợp'!W63) -> Thao tác sản xuất | C63: =IF(X63<>"",INDIRECT(X63&"!$e$8"),"") -> #REF! | D63: =IF(AND(C63<>"",C63<>0),SUM(E63:F63)/C63,"") -> #REF! | E63: =IF(X63<>"",INDIRECT(X63&"!$e$4"),"") -> #REF! | F63: =IF(X63<>"",INDIRECT(X63&"!$e$5"),"") -> #REF! | G63: =IF(X63<>"",INDIRECT("'"&X63&"'!$e$6"),"") -> #REF! | H63: =IF(X63<>"",INDIRECT("'"&X63&"'!$e$7"),"") -> #REF! | K63: =X63 -> ThaoTacSanXuat | W63: Thao tác sản xuất | X63: ThaoTacSanXuat
A64: 192 | B64: =HYPERLINK(""&"#'"&'Tổng hợp'!X64&"'!A1"&"",'Tổng hợp'!W64) -> OI xuất nhập kho | C64: =IF(X64<>"",INDIRECT(X64&"!$e$8"),"") -> #REF! | D64: =IF(AND(C64<>"",C64<>0),SUM(E64:F64)/C64,"") -> #REF! | E64: =IF(X64<>"",INDIRECT(X64&"!$e$4"),"") -> #REF! | F64: =IF(X64<>"",INDIRECT(X64&"!$e$5"),"") -> #REF! | G64: =IF(X64<>"",INDIRECT("'"&X64&"'!$e$6"),"") -> #REF! | H64: =IF(X64<>"",INDIRECT("'"&X64&"'!$e$7"),"") -> #REF! | K64: =X64 -> OIXuatNhapKho | W64: OI xuất nhập kho | X64: OIXuatNhapKho
A65: 193 | B65: =HYPERLINK(""&"#'"&'Tổng hợp'!X65&"'!A1"&"",'Tổng hợp'!W65) -> Chấm công | C65: =IF(X65<>"",INDIRECT(X65&"!$e$8"),"") -> #REF! | D65: =IF(AND(C65<>"",C65<>0),SUM(E65:F65)/C65,"") -> #REF! | E65: =IF(X65<>"",INDIRECT(X65&"!$e$4"),"") -> #REF! | F65: =IF(X65<>"",INDIRECT(X65&"!$e$5"),"") -> #REF! | G65: =IF(X65<>"",INDIRECT("'"&X65&"'!$e$6"),"") -> #REF! | H65: =IF(X65<>"",INDIRECT("'"&X65&"'!$e$7"),"") -> #REF! | K65: =X65 -> ChamCong | W65: Chấm công | X65: ChamCong
A66: 194 | B66: =HYPERLINK(""&"#'"&'Tổng hợp'!X66&"'!A1"&"",'Tổng hợp'!W66) -> Tiêu thụ nguyên vật liệu | C66: =IF(X66<>"",INDIRECT(X66&"!$e$8"),"") -> #REF! | D66: =IF(AND(C66<>"",C66<>0),SUM(E66:F66)/C66,"") -> #REF! | E66: =IF(X66<>"",INDIRECT(X66&"!$e$4"),"") -> #REF! | F66: =IF(X66<>"",INDIRECT(X66&"!$e$5"),"") -> #REF! | G66: =IF(X66<>"",INDIRECT("'"&X66&"'!$e$6"),"") -> #REF! | H66: =IF(X66<>"",INDIRECT("'"&X66&"'!$e$7"),"") -> #REF! | K66: =X66 -> TieuThuNguyenVatLieu | W66: Tiêu thụ nguyên vật liệu | X66: TieuThuNguyenVatLieu
A67: 194 | B67: =HYPERLINK(""&"#'"&'Tổng hợp'!X67&"'!A1"&"",'Tổng hợp'!W67) -> Trả nguyên vật liệu | C67: =IF(X67<>"",INDIRECT(X67&"!$e$8"),"") -> #REF! | D67: =IF(AND(C67<>"",C67<>0),SUM(E67:F67)/C67,"") -> #REF! | E67: =IF(X67<>"",INDIRECT(X67&"!$e$4"),"") -> #REF! | F67: =IF(X67<>"",INDIRECT(X67&"!$e$5"),"") -> #REF! | G67: =IF(X67<>"",INDIRECT("'"&X67&"'!$e$6"),"") -> #REF! | H67: =IF(X67<>"",INDIRECT("'"&X67&"'!$e$7"),"") -> #REF! | K67: =X67 -> TraNguyenVatLieu | W67: Trả nguyên vật liệu | X67: TraNguyenVatLieu
B68: Nhân sự | C68: =IF(X68<>"",INDIRECT(X68&"!$e$8"),"") | D68: =IF(AND(C68<>"",C68<>0),SUM(E68:F68)/C68,"") | E68: =IF(X68<>"",INDIRECT(X68&"!$e$4"),"") | F68: =IF(X68<>"",INDIRECT(X68&"!$e$5"),"") | G68: =IF(X68<>"",INDIRECT("'"&X68&"'!$e$6"),"") | H68: =IF(X68<>"",INDIRECT("'"&X68&"'!$e$7"),"") | W68: Nhân sự
A69: 195 | B69: =HYPERLINK(""&"#'"&'Tổng hợp'!X69&"'!A1"&"",'Tổng hợp'!W69) -> Đơn từ | C69: =IF(X69<>"",INDIRECT(X69&"!$e$8"),"") -> #REF! | D69: =IF(AND(C69<>"",C69<>0),SUM(E69:F69)/C69,"") -> #REF! | E69: =IF(X69<>"",INDIRECT(X69&"!$e$4"),"") -> #REF! | F69: =IF(X69<>"",INDIRECT(X69&"!$e$5"),"") -> #REF! | G69: =IF(X69<>"",INDIRECT("'"&X69&"'!$e$6"),"") -> #REF! | H69: =IF(X69<>"",INDIRECT("'"&X69&"'!$e$7"),"") -> #REF! | K69: =X69 -> DonTu | W69: Đơn từ | X69: DonTu
B70: =HYPERLINK(""&"#'"&'Tổng hợp'!X70&"'!A1"&"",'Tổng hợp'!W70) -> Đơn từ cần phê duyệt | C70: =IF(X70<>"",INDIRECT(X70&"!$e$8"),"") -> #REF! | D70: =IF(AND(C70<>"",C70<>0),SUM(E70:F70)/C70,"") -> #REF! | E70: =IF(X70<>"",INDIRECT(X70&"!$e$4"),"") -> #REF! | F70: =IF(X70<>"",INDIRECT(X70&"!$e$5"),"") -> #REF! | G70: =IF(X70<>"",INDIRECT("'"&X70&"'!$e$6"),"") -> #REF! | H70: =IF(X70<>"",INDIRECT("'"&X70&"'!$e$7"),"") -> #REF! | K70: =X70 -> DonTuCanPheDuyet | W70: Đơn từ cần phê duyệt | X70: DonTuCanPheDuyet
B71: Bảo trì | C71: =IF(X71<>"",INDIRECT(X71&"!$e$8"),"") | D71: =IF(AND(C71<>"",C71<>0),SUM(E71:F71)/C71,"") | E71: =IF(X71<>"",INDIRECT(X71&"!$e$4"),"") | F71: =IF(X71<>"",INDIRECT(X71&"!$e$5"),"") | G71: =IF(X71<>"",INDIRECT("'"&X71&"'!$e$6"),"") | H71: =IF(X71<>"",INDIRECT("'"&X71&"'!$e$7"),"") | W71: Bảo trì
A72: 198 | B72: =HYPERLINK(""&"#'"&'Tổng hợp'!X72&"'!A1"&"",'Tổng hợp'!W72) -> Bảo trì thiết bị | C72: =IF(X72<>"",INDIRECT(X72&"!$e$8"),"") -> #REF! | D72: =IF(AND(C72<>"",C72<>0),SUM(E72:F72)/C72,"") -> #REF! | E72: =IF(X72<>"",INDIRECT(X72&"!$e$4"),"") -> #REF! | F72: =IF(X72<>"",INDIRECT(X72&"!$e$5"),"") -> #REF! | G72: =IF(X72<>"",INDIRECT("'"&X72&"'!$e$6"),"") -> #REF! | H72: =IF(X72<>"",INDIRECT("'"&X72&"'!$e$7"),"") -> #REF! | K72: =X72 -> BaoTriThietBi | W72: Bảo trì thiết bị | X72: BaoTriThietBi
A73: 199 | B73: =HYPERLINK(""&"#'"&'Tổng hợp'!X73&"'!A1"&"",'Tổng hợp'!W73) -> Yêu cầu bảo trì | C73: =IF(X73<>"",INDIRECT(X73&"!$e$8"),"") -> #REF! | D73: =IF(AND(C73<>"",C73<>0),SUM(E73:F73)/C73,"") -> #REF! | E73: =IF(X73<>"",INDIRECT(X73&"!$e$4"),"") -> #REF! | F73: =IF(X73<>"",INDIRECT(X73&"!$e$5"),"") -> #REF! | G73: =IF(X73<>"",INDIRECT("'"&X73&"'!$e$6"),"") -> #REF! | H73: =IF(X73<>"",INDIRECT("'"&X73&"'!$e$7"),"") -> #REF! | K73: =X73 -> YeuCauBaoTri | W73: Yêu cầu bảo trì | X73: YeuCauBaoTri
A74: 200 | B74: =HYPERLINK(""&"#'"&'Tổng hợp'!X74&"'!A1"&"",'Tổng hợp'!W74) -> Báo cáo bảo trì | C74: =IF(X74<>"",INDIRECT(X74&"!$e$8"),"") -> #REF! | D74: =IF(AND(C74<>"",C74<>0),SUM(E74:F74)/C74,"") -> #REF! | E74: =IF(X74<>"",INDIRECT(X74&"!$e$4"),"") -> #REF! | F74: =IF(X74<>"",INDIRECT(X74&"!$e$5"),"") -> #REF! | G74: =IF(X74<>"",INDIRECT("'"&X74&"'!$e$6"),"") -> #REF! | H74: =IF(X74<>"",INDIRECT("'"&X74&"'!$e$7"),"") -> #REF! | K74: =X74 -> BaoCaoBaoTri | W74: Báo cáo bảo trì | X74: BaoCaoBaoTri
B75: Hệ thống | C75: =IF(X75<>"",INDIRECT(X75&"!$e$8"),"") | D75: =IF(AND(C75<>"",C75<>0),SUM(E75:F75)/C75,"") | E75: =IF(X75<>"",INDIRECT(X75&"!$e$4"),"") | F75: =IF(X75<>"",INDIRECT(X75&"!$e$5"),"") | G75: =IF(X75<>"",INDIRECT("'"&X75&"'!$e$6"),"") | H75: =IF(X75<>"",INDIRECT("'"&X75&"'!$e$7"),"") | W75: Hệ thống
A76: 202 | B76: =HYPERLINK(""&"#'"&'Tổng hợp'!X76&"'!A1"&"",'Tổng hợp'!W76) -> Tài khoản | C76: =IF(X76<>"",INDIRECT(X76&"!$e$8"),"") -> #REF! | D76: =IF(AND(C76<>"",C76<>0),SUM(E76:F76)/C76,"") -> #REF! | E76: =IF(X76<>"",INDIRECT(X76&"!$e$4"),"") -> #REF! | F76: =IF(X76<>"",INDIRECT(X76&"!$e$5"),"") -> #REF! | G76: =IF(X76<>"",INDIRECT("'"&X76&"'!$e$6"),"") -> #REF! | H76: =IF(X76<>"",INDIRECT("'"&X76&"'!$e$7"),"") -> #REF! | K76: =X76 -> TaiKhoan | W76: Tài khoản | X76: TaiKhoan
A77: 203 | B77: =HYPERLINK(""&"#'"&'Tổng hợp'!X77&"'!A1"&"",'Tổng hợp'!W77) -> Vai trò | C77: =IF(X77<>"",INDIRECT(X77&"!$e$8"),"") -> #REF! | D77: =IF(AND(C77<>"",C77<>0),SUM(E77:F77)/C77,"") -> #REF! | E77: =IF(X77<>"",INDIRECT(X77&"!$e$4"),"") -> #REF! | F77: =IF(X77<>"",INDIRECT(X77&"!$e$5"),"") -> #REF! | G77: =IF(X77<>"",INDIRECT("'"&X77&"'!$e$6"),"") -> #REF! | H77: =IF(X77<>"",INDIRECT("'"&X77&"'!$e$7"),"") -> #REF! | K77: =X77 -> VaiTro | W77: Vai trò | X77: VaiTro
A78: 212 | B78: =HYPERLINK(""&"#'"&'Tổng hợp'!X78&"'!A1"&"",'Tổng hợp'!W78) -> Quyền | C78: =IF(X78<>"",INDIRECT(X78&"!$e$8"),"") -> #REF! | D78: =IF(AND(C78<>"",C78<>0),SUM(E78:F78)/C78,"") -> #REF! | E78: =IF(X78<>"",INDIRECT(X78&"!$e$4"),"") -> #REF! | F78: =IF(X78<>"",INDIRECT(X78&"!$e$5"),"") -> #REF! | G78: =IF(X78<>"",INDIRECT("'"&X78&"'!$e$6"),"") -> #REF! | H78: =IF(X78<>"",INDIRECT("'"&X78&"'!$e$7"),"") -> #REF! | K78: =X78 -> Quyen | W78: Quyền | X78: Quyen
A79: 212 | B79: =HYPERLINK(""&"#'"&'Tổng hợp'!X79&"'!A1"&"",'Tổng hợp'!W79) -> Quyền dữ liệu | C79: =IF(X79<>"",INDIRECT(X79&"!$e$8"),"") -> #REF! | D79: =IF(AND(C79<>"",C79<>0),SUM(E79:F79)/C79,"") -> #REF! | E79: =IF(X79<>"",INDIRECT(X79&"!$e$4"),"") -> #REF! | F79: =IF(X79<>"",INDIRECT(X79&"!$e$5"),"") -> #REF! | G79: =IF(X79<>"",INDIRECT("'"&X79&"'!$e$6"),"") -> #REF! | H79: =IF(X79<>"",INDIRECT("'"&X79&"'!$e$7"),"") -> #REF! | K79: =X79 -> QuyenDuLieu | W79: Quyền dữ liệu | X79: QuyenDuLieu
A80: 212 | B80: =HYPERLINK(""&"#'"&'Tổng hợp'!X80&"'!A1"&"",'Tổng hợp'!W80) -> Nhà cung cấp | C80: =IF(X80<>"",INDIRECT(X80&"!$e$8"),"") -> #REF! | D80: =IF(AND(C80<>"",C80<>0),SUM(E80:F80)/C80,"") -> #REF! | E80: =IF(X80<>"",INDIRECT(X80&"!$e$4"),"") -> #REF! | F80: =IF(X80<>"",INDIRECT(X80&"!$e$5"),"") -> #REF! | G80: =IF(X80<>"",INDIRECT("'"&X80&"'!$e$6"),"") -> #REF! | H80: =IF(X80<>"",INDIRECT("'"&X80&"'!$e$7"),"") -> #REF! | K80: =X80 -> NhaCungCap | W80: Nhà cung cấp | X80: NhaCungCap
A81: 212 | B81: =HYPERLINK(""&"#'"&'Tổng hợp'!X81&"'!A1"&"",'Tổng hợp'!W81) -> Mẫu ký | C81: =IF(X81<>"",INDIRECT(X81&"!$e$8"),"") -> #REF! | D81: =IF(AND(C81<>"",C81<>0),SUM(E81:F81)/C81,"") -> #REF! | E81: =IF(X81<>"",INDIRECT(X81&"!$e$4"),"") -> #REF! | F81: =IF(X81<>"",INDIRECT(X81&"!$e$5"),"") -> #REF! | G81: =IF(X81<>"",INDIRECT("'"&X81&"'!$e$6"),"") -> #REF! | H81: =IF(X81<>"",INDIRECT("'"&X81&"'!$e$7"),"") -> #REF! | K81: =X81 -> MauKy | W81: Mẫu ký | X81: MauKy
A82: 222 | B82: =HYPERLINK(""&"#'"&'Tổng hợp'!X82&"'!A1"&"",'Tổng hợp'!W82) -> Hồ sơ ký số | C82: =IF(X82<>"",INDIRECT(X82&"!$e$8"),"") -> #REF! | D82: =IF(AND(C82<>"",C82<>0),SUM(E82:F82)/C82,"") -> #REF! | E82: =IF(X82<>"",INDIRECT(X82&"!$e$4"),"") -> #REF! | F82: =IF(X82<>"",INDIRECT(X82&"!$e$5"),"") -> #REF! | G82: =IF(X82<>"",INDIRECT("'"&X82&"'!$e$6"),"") -> #REF! | H82: =IF(X82<>"",INDIRECT("'"&X82&"'!$e$7"),"") -> #REF! | K82: =X82 -> HoSoKySo | W82: Hồ sơ ký số | X82: HoSoKySo
A83: 223 | B83: =HYPERLINK(""&"#'"&'Tổng hợp'!X83&"'!A1"&"",'Tổng hợp'!W83) -> Cấu hình mã | C83: =IF(X83<>"",INDIRECT(X83&"!$e$8"),"") -> #REF! | D83: =IF(AND(C83<>"",C83<>0),SUM(E83:F83)/C83,"") -> #REF! | E83: =IF(X83<>"",INDIRECT(X83&"!$e$4"),"") -> #REF! | F83: =IF(X83<>"",INDIRECT(X83&"!$e$5"),"") -> #REF! | G83: =IF(X83<>"",INDIRECT("'"&X83&"'!$e$6"),"") -> #REF! | H83: =IF(X83<>"",INDIRECT("'"&X83&"'!$e$7"),"") -> #REF! | K83: =X83 -> CauHinhMa | W83: Cấu hình mã | X83: CauHinhMa
A84: 224 | B84: =HYPERLINK(""&"#'"&'Tổng hợp'!X84&"'!A1"&"",'Tổng hợp'!W84) -> Quy trình giao việc | C84: =IF(X84<>"",INDIRECT(X84&"!$e$8"),"") -> #REF! | D84: =IF(AND(C84<>"",C84<>0),SUM(E84:F84)/C84,"") -> #REF! | E84: =IF(X84<>"",INDIRECT(X84&"!$e$4"),"") -> #REF! | F84: =IF(X84<>"",INDIRECT(X84&"!$e$5"),"") -> #REF! | G84: =IF(X84<>"",INDIRECT("'"&X84&"'!$e$6"),"") -> #REF! | H84: =IF(X84<>"",INDIRECT("'"&X84&"'!$e$7"),"") -> #REF! | K84: =X84 -> QuyTrinhGiaoViec | W84: Quy trình giao việc | X84: QuyTrinhGiaoViec
A85: 225 | B85: =HYPERLINK(""&"#'"&'Tổng hợp'!X85&"'!A1"&"",'Tổng hợp'!W85) -> Tích hợp | C85: =IF(X85<>"",INDIRECT(X85&"!$e$8"),"") -> #REF! | D85: =IF(AND(C85<>"",C85<>0),SUM(E85:F85)/C85,"") -> #REF! | E85: =IF(X85<>"",INDIRECT(X85&"!$e$4"),"") -> #REF! | F85: =IF(X85<>"",INDIRECT(X85&"!$e$5"),"") -> #REF! | G85: =IF(X85<>"",INDIRECT("'"&X85&"'!$e$6"),"") -> #REF! | H85: =IF(X85<>"",INDIRECT("'"&X85&"'!$e$7"),"") -> #REF! | K85: =X85 -> TichHop | W85: Tích hợp | X85: TichHop
B86: Tổng | C86: =SUM(C10:C85) -> #REF! | D86: =SUM(E86:F86)/C86 -> #REF! | E86: =SUM(E10:E85) -> #REF! | F86: =SUM(F10:F85) -> #REF! | G86: =SUM(G10:G85) -> #REF! | H86: =SUM(H10:H85) -> #REF!

Sheet SanPham
D1: KỊCH BẢN KIỂM THỬ *
D2: Tên màn hình/Tên chức năng | E2: Sản phẩm
D3: Mã trường hợp kiểm thử | E3: SP
D4: Số trường hợp kiểm thử đạt (P) | E4: 0
D5: Số trường hợp kiểm thử không đạt (F) | E5: 0
D6: Số trường hợp kiểm thử đang xem xét (PE) | E6: 0
D7: Số trường hợp kiểm thử chưa thực hiện | E7: 159
D8: Tổng số trường hợp kiểm thử | E8: 159
D9: Quay lại trang Tổng hợp
A10: Mã trường hợp kiểm thử | B10: Mục đích kiểm thử | C10: Dữ liệu kiểm thử | D10: Các bước thực hiện | E10: Kết quả mong muốn | F10: Chrome | I10: <Firefox> | L10: <Edge> | O10: <Tên trình duyệt 4> | R10: Kết quả hiện tại | S10: Mã lỗi | T10: Ghi chú
F11: Lần 1 | G11: Lần 2 | H11: Lần 3 | I11: Lần 1 | J11: Lần 2 | K11: Lần 3 | L11: Lần 1 | M11: Lần 2 | N11: Lần 3 | O11: Lần 1 | P11: Lần 2 | Q11: Lần 3
B12: Chức năng : Sản phẩm
B13: Tiền điều kiện: Bước 1: Đăng nhập vào hệ thống Bước 2: Chọn modul thông tin chung Bước 3: Chọn "Quản lý sản phẩm" Bước 4: Chọn "Sản phẩm"
B14: Màn hình: Danh sách sản phẩm
A15: =IF(E15<>"",$E$3&"00"&COUNTA($E$15:E15),"") -> SP001 | B15: - Kiểm tra title “Sản phẩm” hiển thị đúng theo thiết kế | E15: Hiển thị đúng giao diện và vị trí theo thiết kế
A16: =IF(E16<>"",$E$3&"00"&COUNTA($E$15:E16),"") -> SP002 | B16: - Kiểm tra vị trí các trường filter hiển thị đúng layout | E16: Hiển thị đúng giao diện và vị trí theo thiết kế
A17: =IF(E17<>"",$E$3&"00"&COUNTA($E$15:E17),"") -> SP003 | B17: - Kiểm tra font chữ, kích thước chữ của label, button, table header đúng thiết kế - Kiểm tra màu chữ đúng theo trạng thái | E17: Hiển thị đúng giao diện và vị trí theo thiết kế
A18: =IF(E18<>"",$E$3&"00"&COUNTA($E$15:E18),"") -> SP004 | B18: Kiểm tra format của các Item (Date, Decimal, …) trên màn hình so với các tài liệu thiết kế Figma | E18: Hiển thị đúng giao diện và vị trí theo thiết kế
A19: =IF(E19<>"",$E$3&"00"&COUNTA($E$15:E19),"") -> SP005 | B19: Kiểm tra đúng loại control: - Dropdown: Đơn vị sản xuất, Loại sản phẩm - Textbox: Mã sản phẩm, Tên sản phẩm | E19: Hiển thị đúng giao diện và vị trí theo thiết kế
A20: =IF(E20<>"",$E$3&"00"&COUNTA($E$15:E20),"") -> SP006 | B20: Kiểm tra hiển thị đúng các cột: - Mã sản phẩm - Tên sản phẩm - Trạng thái - Loại sản phẩm - Mô tả sản phẩm - Hành động | E20: Hiển thị đúng giao diện và vị trí theo thiết kế
A21: =IF(E21<>"",$E$3&"00"&COUNTA($E$15:E21),"") | B21: Tìm kiếm theo Đơn vị sản xuất
A22: =IF(E22<>"",$E$3&"00"&COUNTA($E$15:E22),"") -> SP007 | B22: Kiểm tra hiển thị dropdown “Đơn vị sản xuất” trong màn hình Danh sách sản phẩm khi hệ thống tải đầy đủ dữ liệu | D22: 1. Bấm vào thanh tìm kiếm "Đơn vị sản xuất" | E22: Hệ thống hiển thị đầy đủ danh sách đơn vị sản xuất theo dữ liệu cấu hình
A23: =IF(E23<>"",$E$3&"00"&COUNTA($E$15:E23),"") -> SP008 | B23: Kiểm tra chọn một đơn vị sản xuất từ dropdown trong màn hình Danh sách sản phẩm | D23: 1. Bấm vào dropdown “Đơn vị sản xuất” 2. Chọn đơn vị sản xuất | E23: Hệ thống hiển thị đúng các sản phẩm thuộc đơn vị sản xuất đã chọn
A24: =IF(E24<>"",$E$3&"00"&COUNTA($E$15:E24),"") -> SP009 | B24: Kiểm tra chọn nhiều đơn vị sản xuất từ dropdown trong màn hình Danh sách sản phẩm' | D24: 1. Bấm vào dropdown “Đơn vị sản xuất” 2. Chọn nhiều đơn vị sản xuất | E24: Hệ thống không cho phép chọn nhiều đơn vị sản xuất
A25: =IF(E25<>"",$E$3&"0"&COUNTA($E$15:E25),"") -> SP010 | B25: Kiểm tra thay đổi đơn vị sản xuất đã chọn trong màn hình Danh sách sản phẩm | D25: 1. Bấm vào dropdown “Đơn vị sản xuất” 2. Chọn Đơn vị sản xuất 3. Chọn lại Đơn vị sản xuất khác | E25: Hệ thống cập nhật đúng giá trị mới được chọn
A26: =IF(E26<>"",$E$3&"0"&COUNTA($E$15:E26),"") -> SP011 | B26: Kiểm tra xóa đơn vị sản xuất đã chọn trong màn hình Danh sách sản phẩm | D26: 1. Bấm vào dropdown “Đơn vị sản xuất” 2. Chọn đơn vị sản xuất 3. Bấm icon xóa dữ liệu | E26: Hệ thống xóa đúng dữ liệu đã chọn và đưa dropdown về trạng thái mặc định
A27: =IF(E27<>"",$E$3&"0"&COUNTA($E$15:E27),"") -> SP012 | B27: Kiểm tra tìm kiếm đơn vị sản xuất trong dropdown ở màn hình Danh sách sản phẩm | D27: 1. Bấm vào thanh tìm kiếm "Đơn vị sản xuất" 2. Nhập từ khóa tìm kiếm | E27: Hệ thống hiển thị đúng các đơn vị sản xuất phù hợp với từ khóa
A28: =IF(E28<>"",$E$3&"0"&COUNTA($E$15:E28),"") -> SP013 | B28: Kiểm tra đóng dropdown “Đơn vị sản xuất” khi bấm ra ngoài màn hình trong màn hình Danh sách sản phẩm' | D28: 1. Bấm vào dropdown “Đơn vị sản xuất” 2. Bấm ra ngoài vùng dropdown | E28: Hệ thống đóng dropdown đúng theo thiết kế
A29: =IF(E29<>"",$E$3&"0"&COUNTA($E$15:E29),"") | B29: Tìm kiếm theo Loại sản phẩm
A30: =IF(E30<>"",$E$3&"0"&COUNTA($E$15:E30),"") -> SP014 | B30: Kiểm tra hiển thị dropdown “Loại sản phẩm” trong màn hình Danh sách sản phẩm khi hệ thống tải đầy đủ dữ liệu | D30: 1. Bấm vào thanh tìm kiếm "Loại sản phẩm" | E30: Hệ thống hiển thị đầy đủ danh sách đơn vị sản xuất theo dữ liệu cấu hình
A31: =IF(E31<>"",$E$3&"0"&COUNTA($E$15:E31),"") -> SP015 | B31: Kiểm tra chọn một đơn vị sản xuất từ dropdown trong màn hình Danh sách sản phẩm | D31: 1. Bấm vào dropdown “Loại sản phẩm” 2. Chọn đơn Loại sản phẩm | E31: Hệ thống hiển thị đúng các sản phẩm thuộc đơn vị sản xuất đã chọn
A32: =IF(E32<>"",$E$3&"0"&COUNTA($E$15:E32),"") -> SP016 | B32: Kiểm tra chọn nhiều đơn vị sản xuất từ dropdown trong màn hình Danh sách sản phẩm' | D32: 1. Bấm vào dropdown “Loại sản phẩm” 2. Chọn nhiều Loại sản phẩm | E32: Hệ thống không cho phép chọn nhiều đơn vị sản xuất
A33: =IF(E33<>"",$E$3&"0"&COUNTA($E$15:E33),"") -> SP017 | B33: Kiểm tra thay đổi đơn vị sản xuất đã chọn trong màn hình Danh sách sản phẩm | D33: 1. Bấm vào dropdown “Loại sản phẩm” 2. Chọn Loại sản phẩm 3. Chọn lại Loại sản phẩm khác | E33: Hệ thống cập nhật đúng giá trị mới được chọn
A34: =IF(E34<>"",$E$3&"0"&COUNTA($E$15:E34),"") -> SP018 | B34: Kiểm tra xóa đơn vị sản xuất đã chọn trong màn hình Danh sách sản phẩm | D34: 1. Bấm vào dropdown “Loại sản phẩm” 2. Chọn đơn vị sản xuất 3. Bấm icon xóa dữ liệu | E34: Hệ thống xóa đúng dữ liệu đã chọn và đưa dropdown về trạng thái mặc định
A35: =IF(E35<>"",$E$3&"0"&COUNTA($E$15:E35),"") -> SP019 | B35: Kiểm tra tìm kiếm đơn vị sản xuất trong dropdown ở màn hình Danh sách sản phẩm | D35: 1. Bấm vào thanh tìm kiếm "Loại sản phẩm" 2. Nhập từ khóa tìm kiếm | E35: Hệ thống hiển thị đúng các đơn vị sản xuất phù hợp với từ khóa
A36: =IF(E36<>"",$E$3&"0"&COUNTA($E$15:E36),"") -> SP020 | B36: Kiểm tra đóng dropdown “Loại sản phẩm” khi bấm ra ngoài màn hình trong màn hình Danh sách sản phẩm' | D36: 1. Bấm vào dropdown “Loại sản phẩm” 2. Bấm ra ngoài vùng dropdown | E36: Hệ thống đóng dropdown đúng theo thiết kế
A37: =IF(E37<>"",$E$3&"0"&COUNTA($E$15:E37),"") | B37: Tìm kiếm theo Mã sản phẩm
A38: =IF(E38<>"",$E$3&"0"&COUNTA($E$15:E38),"") -> SP021 | B38: Kiểm tra tìm kiếm sản phẩm thành công theo mã sản phẩm đầy đủ | D38: 1.Bấm vào thanh tìm kiếm "Mã sản phẩm" 2. Nhập Mã sản phẩm vào thanh tìm kiếm 3. Nhấn Enter | E38: Hệ thống hiển thị đúng sản phẩm có mã PRODUCT-1726
A39: =IF(E39<>"",$E$3&"0"&COUNTA($E$15:E39),"") -> SP022 | B39: Kiểm tra tìm kiếm thành công theo mã sản phẩm không đầy đủ | D39: 1.Bấm vào thanh tìm kiếm "Mã sản phẩm" 2. Nhập Mã sản phẩm vào thanh tìm kiếm | E39: Hệ thống hiển thị các sản phẩm chứa giá trị tìm kiếm theo rule hệ thống
A40: =IF(E40<>"",$E$3&"0"&COUNTA($E$15:E40),"") -> SP023 | B40: Kiểm tra tìm kiếm thành công khi có khoảng trắng ở đầu và cuối dữ liệu tìm kiếm | D40: 1.Bấm vào thanh tìm kiếm "Mã sản phẩm" 2. Nhập Mã sản phẩm vào thanh tìm kiếm | E40: Hệ thống tự động loại bỏ khoảng trắng dư thừa và hiển thị đúng kết quả tìm kiếm
A41: =IF(E41<>"",$E$3&"0"&COUNTA($E$15:E41),"") -> SP024 | B41: Kiểm tra tìm kiếm thành công theo Mã sản phẩm khi không tồn tại mã sản phẩm | D41: 1.Bấm vào thanh tìm kiếm "Mã sản phẩm" 2. Nhập mã sản phẩm không tồn tại | E41: Hệ thống hiển thị trạng thái “Không có dữ liệu”
A42: =IF(E42<>"",$E$3&"0"&COUNTA($E$15:E42),"") -> SP025 | B42: Kiểm tra xóa thành công dữ liệu tìm kiếm | D42: 1.Bấm vào thanh tìm kiếm "Mã sản phẩm" 2. Nhập Mã sản phẩm vào thanh tìm kiếm | E42: Hệ thống xóa dữ liệu tìm kiếm và hiển thị lại danh sách mặc định
A43: =IF(E43<>"",$E$3&"0"&COUNTA($E$15:E43),"") | B43: Tìm kiếm theo Tên sản phẩm
A44: =IF(E44<>"",$E$3&"0"&COUNTA($E$15:E44),"") -> SP026 | B44: Kiểm tra tìm kiếm sản phẩm thành công theo Tên sản phẩm đầy đủ | D44: 1.Bấm vào thanh tìm kiếm "Tìm kiếm theo Tên sản phẩm " 2. Nhập Tên sản phẩm vào thanh tìm kiếm | E44: Hệ thống hiển thị đúng sản phẩm có mã PRODUCT-1726
A45: =IF(E45<>"",$E$3&"0"&COUNTA($E$15:E45),"") -> SP027 | B45: Kiểm tra tìm kiếm thành công theo Tên sản phẩm không đầy đủ | D45: 1.Bấm vào thanh tìm kiếm "Tìm kiếm theo Tên sản phẩm " 2. Nhập Tên sản phẩm vào thanh tìm kiếm | E45: Hệ thống hiển thị các sản phẩm chứa giá trị tìm kiếm theo rule hệ thống
A46: =IF(E46<>"",$E$3&"0"&COUNTA($E$15:E46),"") -> SP028 | B46: Kiểm tra tìm kiếm thành công theo Tên sản phẩm khi có khoảng trắng ở đầu và cuối dữ liệu tìm kiếm | D46: 1.Bấm vào thanh tìm kiếm "Tìm kiếm theo Tên sản phẩm " 2. Nhập Tên sản phẩm vào thanh tìm kiếm | E46: Hệ thống tự động loại bỏ khoảng trắng dư thừa và hiển thị đúng kết quả tìm kiếm
A47: =IF(E47<>"",$E$3&"0"&COUNTA($E$15:E47),"") -> SP029 | B47: Kiểm tra tìm kiếm thành công theo Mã sản phẩm khi không tồn tại mã sản phẩm | D47: 1.Bấm vào thanh tìm kiếm "Tìm kiếm theo Tên sản phẩm " 2. Nhập Tên sản phẩm vào thanh tìm kiếm | E47: Hệ thống hiển thị trạng thái “Không có dữ liệu”
A48: =IF(E48<>"",$E$3&"0"&COUNTA($E$15:E48),"") -> SP030 | B48: Kiểm tra xóa thành công dữ liệu tìm kiếm | D48: 1.Bấm vào thanh tìm kiếm "Tìm kiếm theo Tên sản phẩm " 2. Nhập Tên sản phẩm vào thanh tìm kiếm | E48: Hệ thống xóa dữ liệu tìm kiếm và hiển thị lại danh sách mặc định
A49: =IF(E49<>"",$E$3&"0"&COUNTA($E$15:E49),"") | B49: Xuất file
A50: =IF(E50<>"",$E$3&"0"&COUNTA($E$15:E50),"") -> SP031 | B50: Kiểm tra xuất file thành công | D50: 1. Bấm chọn nút xuất file | E50: Hệ thống xuất file thành công và tải file về máy người dùng
A51: =IF(E51<>"",$E$3&"0"&COUNTA($E$15:E51),"") -> SP032 | B51: Kiểm tra dữ liệu hiển thị trong file export | D51: 1. Bấm chọn nút xuất file 2. Export file 3. Mở file đã tải | E51: Dữ liệu trong file hiển thị đầy đủ và chính xác theo dữ liệu trên hệ thống
A52: =IF(E52<>"",$E$3&"0"&COUNTA($E$15:E52),"") -> SP033 | B52: Kiểm tra export dữ liệu hiển thị đúng theo điều kiện tìm kiếm | D52: 1. Tìm kiếm theo điều kiện tìm kiếm 2. Bấm chọn nút xuất file 3. Export file 4. Mở file đã tải | E52: File export chỉ chứa dữ liệu theo điều kiện đã tìm kiếm
A53: =IF(E53<>"",$E$3&"0"&COUNTA($E$15:E53),"") -> SP034 | B53: Kiểm tra export không thành công khi không có dữ liệu | D53: 1. Bấm chọn nút "Xuất file" | E53: Hệ thống hiển thị thông báo "Không có dữ liệu để export" và Hệ thống xuất file không thành công và không tải file về máy người dùng
A54: =IF(E54<>"",$E$3&"0"&COUNTA($E$15:E54),"") | B54: Nhập file
A55: =IF(E55<>"",$E$3&"0"&COUNTA($E$15:E55),"") -> SP035 | B55: Kiểm tra hiển thị cửa sổ “Nhập file” | D55: 1. Bấm chọn nút "Nhập file" | E55: Hệ thống hiển thị cửa sổ nhập file đầy đủ các thành phần theo thiết kế
A56: =IF(E56<>"",$E$3&"0"&COUNTA($E$15:E56),"") -> SP036 | B56: Kiểm tra chức năng tải mẫu file nhập thành công | D56: 1. Bấm chọn nút "Nhập file" 2. Bấm chọn tải mẫu file "tại đây" | E56: Hệ thống tải xuống đúng file mẫu import
A57: =IF(E57<>"",$E$3&"0"&COUNTA($E$15:E57),"") -> SP037 | B57: Kiểm tra upload file hợp lệ thành công | D57: 1. Bấm chọn nút "Nhập file" 2. Bấm vào vùng upload file 3. Chọn file upload | E57: Hệ thống import dữ liệu thành công và hiển thị thông báo đã import dữ liệu. Dữ liệu được lưu đúng trong cơ sở dữ liệu và hiển thị chính xác trên danh sách sản phẩm
A58: =IF(E58<>"",$E$3&"0"&COUNTA($E$15:E58),"") -> SP038 | B58: Kiểm tra kéo thả file hợp lệ vào vùng upload thành công | D58: 1. Bấm chọn nút "Nhập file" 2. Kéo thả file vào vùng upload | E58: Hệ thống import dữ liệu thành công và hiển thị thông báo đã import dữ liệu. Dữ liệu được lưu đúng trong cơ sở dữ liệu và hiển thị chính xác trên danh sách sản phẩm
A59: =IF(E59<>"",$E$3&"0"&COUNTA($E$15:E59),"") -> SP039 | B59: Kiểm tra xóa thành công file đã upload bằng icon thùng rác | D59: 1. Bấm chọn nút "Nhập file" 2. Upload file 3. Bấm chọn icon thùng rác | E59: Hệ thống xóa file đã upload ra khỏi giao diện
A60: =IF(E60<>"",$E$3&"0"&COUNTA($E$15:E60),"") -> SP040 | B60: Kiểm tra trạng thái nút "xác nhận" khi chưa chọn file: hiển thị ở dạng không thể tương tác. | D60: 1. Bấm chọn nút "Nhập file" 3. Bấm chọn "Xác nhận" | E60: Không thể bấm vào "Xác nhận". Nút "Xác nhận" hiển thị ở dạng không thể tương tác.
A61: =IF(E61<>"",$E$3&"0"&COUNTA($E$15:E61),"") -> SP041 | B61: Kiểm tra luồng nhập file không thành công khi nhấn nút “Hủy” | D61: 1. Bấm chọn nút "Nhập file" 2. Upload file 3. Bấm chọn "Hủy" | E61: Hệ thống đóng cửa sổ nhập file, không thực hiện import dữ liệu và không tạo mới dữ liệu trong hệ thống
A62: =IF(E62<>"",$E$3&"0"&COUNTA($E$15:E62),"") | B62: Thêm mới Sản phẩm
A63: =IF(E63<>"",$E$3&"0"&COUNTA($E$15:E63),"") -> SP042 | B63: - Kiểm tra title “Sản phẩm” hiển thị đúng theo thiết kế | D63: 1. Truy cập màn hình "Thêm mới sản phẩm" | E63: Hiển thị đúng giao diện và vị trí theo thiết kế
A64: =IF(E64<>"",$E$3&"0"&COUNTA($E$15:E64),"") -> SP043 | B64: - Kiểm tra font chữ, kích thước chữ của label, button, table header đúng thiết kế - Kiểm tra màu chữ đúng theo trạng thái | D64: 1. Truy cập màn hình "Thêm mới sản phẩm" | E64: Hiển thị đúng giao diện và vị trí theo thiết kế
A65: =IF(E65<>"",$E$3&"0"&COUNTA($E$15:E65),"") -> SP044 | B65: Kiểm tra format của các Item trên màn hình so với các tài liệu thiết kế | D65: 1. Truy cập màn hình "Thêm mới sản phẩm" | E65: Hiển thị đúng giao diện và vị trí theo thiết kế
A66: =IF(E66<>"",$E$3&"0"&COUNTA($E$15:E66),"") -> SP045 | B66: Các trường hiển thị đúng loại control theo thiết kế: - Dropdown: Khu vực sản xuất, Chọn danh mục sản phẩm, Nhóm sản phẩm, Đơn vị, Loại mã vạch, Loại theo dõi sản phẩm, Trạng thái sản phẩm, Nhà cung cấp - Textbox: Mã sản phẩm, Tên sản phẩm - Checkbox: Cần kiểm tra PQC, Cần kiểm tra IQC - Textarea: Mô tả sản phẩm | D66: 1. Truy cập màn hình "Thêm mới sản phẩm" | E66: Hiển thị đúng giao diện và vị trí theo thiết kế
A67: =IF(E67<>"",$E$3&"0"&COUNTA($E$15:E67),"") -> SP046 | B67: Kiểm tra hiển thị section “Thuộc tính sản phẩm” | D67: 1. Truy cập màn hình "Thêm mới sản phẩm" | E67: Hiển thị đúng giao diện và vị trí theo thiết kế
A68: =IF(E68<>"",$E$3&"0"&COUNTA($E$15:E68),"") -> SP047 | B68: Kiểm tra hiển thị dữ liệu tại trường “Tên sản phẩm”trong màn hình Thêm mới sản phẩm khi để trống dữ liệu | D68: 1. Truy cập màn hình Thêm mới sản phẩm 2. Để trống trường “Sản phẩm” 3. Bấm vào nút Lưu | E68: Hệ thống hiển thị thông báo bắt buộc nhập trường “Sản phẩm” và không cho phép lưu
A69: =IF(E69<>"",$E$3&"0"&COUNTA($E$15:E69),"") -> SP048 | B69: Kiểm tra hiển thị trường “Tên sản phẩm” trong màn hình Thêm mới sản phẩm khi nhập số ký tự nhỏ hơn độ dài tối thiểu | C69: A | D69: 1. Truy cập màn hình Thêm mới sản phẩm 2. Nhập dữ liệu kiểm thử 3. Bấm vào Lưu | E69: Hiển thị thông báo dữ liệu không đạt độ dài tối thiểu
A70: =IF(E70<>"",$E$3&"0"&COUNTA($E$15:E70),"") -> SP049 | B70: Kiểm tra hiển trường “Tên sản phẩm” trong màn hình Thêm mới sản phẩm khi nhập số ký tự vượt quá độ dài tối đa | C70: Chuỗi vượt quá giới hạn cho phép 155 ký tự | D70: 1. Truy cập màn hình Thêm mới sản phẩm 2. Nhập dữ liệu kiểm thử 3. Bấm vào Lưu | E70: Hiển thị thông báo vượt quá số ký tự cho phép và không cho nhập thêm
A71: =IF(E71<>"",$E$3&"0"&COUNTA($E$15:E71),"") -> SP050 | B71: Kiểm tra hiển thị trường “Tên sản phẩm” trong màn hình Thêm mới sản phẩm khi nhập dữ liệu có chứa khoảng trắng ở đầu và cuối | D71: 1. Truy cập màn hình Thêm mới sản phẩm 2. Nhập dữ liệu kiểm thử 3. Bấm vào Lưu | E71: Hệ thống tự động cắt khoảng trắng và lưu dưới định dạng mong muốn
A72: =IF(E72<>"",$E$3&"0"&COUNTA($E$15:E72),"") -> SP051 | B72: Kiểm tra hiển thị trường “Tên sản phẩm” trong màn hình Thêm mới sản phẩm khi nhập dữ liệu trùng với tên sản phẩm đã tồn tại trong hệ thống | D72: 1. Truy cập màn hình Thêm mới sản phẩm 2. Nhập dữ liệu kiểm thử 3. Bấm vào Lưu | E72: Hiển thị thông báo tên sản phẩm đã tồn tại và không cho lưu
A73: =IF(E73<>"",$E$3&"0"&COUNTA($E$15:E73),"") -> SP052 | B73: Kiểm tra hiển thị trường “Tên sản phẩm” trong màn hình Thêm mới sản phẩm khi nhập dữ liệu hợp lệ và thực hiện lưu thành công | D73: 1. Truy cập màn hình Thêm mới sản phẩm 2. Nhập dữ liệu kiểm thử 3. Bấm vào Lưu | E73: Hệ thống thực hiện lưu dữ liệu thành công. Tạo mới một bản ghi sản phẩm trong cơ sở dữ liệu với thông tin đúng theo dữ liệu đã nhập. Hiển thị bản ghi vừa tạo trong danh sách sản phẩm.
A74: =IF(E74<>"",$E$3&"0"&COUNTA($E$15:E74),"") -> SP053 | B74: Kiểm tra hiển thị trường “Mã sản phẩm” trong màn hình Thêm mới sản phẩm khi hệ thống tự động sinh mã theo đúng format cấu hình | D74: 1. Truy cập màn hình Thêm mới sản phẩm | E74: Hệ thống tự động sinh mã sản phẩm đúng theo format đã cấu hình
A75: =IF(E75<>"",$E$3&"0"&COUNTA($E$15:E75),"") -> SP054 | B75: Kiểm tra hiển thị trường “Mã sản phẩm” trong màn hình Thêm mới sản phẩm khi hệ thống tự động sinh mã tăng tuần tự | D75: 1. Truy cập màn hình Thêm mới sản phẩm | E75: Hệ thống tự động sinh mã tiếp theo là PRODUCT-1727
A76: =IF(E76<>"",$E$3&"0"&COUNTA($E$15:E76),"") -> SP055 | B76: Kiểm tra hiển thị trường “Mã sản phẩm” trong màn hình Thêm mới sản phẩm khi hệ thống tự động sinh mã không bị trùng với dữ liệu đã tồn tại | D76: 1. Truy cập màn hình Thêm mới sản phẩm nhiều lần 2. Thực hiện lưu dữ liệu | E76: Hệ thống sinh mã sản phẩm duy nhất, không trùng với dữ liệu đã tồn tại trong cơ sở dữ liệu
A77: =IF(E77<>"",$E$3&"0"&COUNTA($E$15:E77),"") -> SP056 | B77: Kiểm tra hiển thị trường “Mã sản phẩm” trong màn hình Thêm mới sản phẩm khi người dùng thực hiện chỉnh sửa mã được sinh tự động | D77: 1. Truy cập màn hình Thêm mới sản phẩm 2. Chỉnh sửa trường “Mã sản phẩm” | E77: Trường “Mã sản phẩm” ở trạng thái readonly và không cho phép chỉnh sửa
A78: =IF(E78<>"",$E$3&"0"&COUNTA($E$15:E78),"") -> SP057 | B78: Kiểm tra hiển thị trường “Mã sản phẩm” trong màn hình Thêm mới sản phẩm khi thực hiện lưu dữ liệu với mã sản phẩm được tự động sinh | D78: 1. Truy cập màn hình Thêm mới sản phẩm 2. Nhập đầy đủ dữ liệu hợp lệ 3. Bấm vào Lưu | E78: Hệ thống lưu dữ liệu thành công, tạo mới một bản ghi trong cơ sở dữ liệu với mã sản phẩm được sinh tự động và hiển thị đúng trong danh sách sản phẩm
A79: =IF(E79<>"",$E$3&"0"&COUNTA($E$15:E79),"") -> SP058 | B79: Kiểm tra hiển thị trường “Mã sản phẩm” trong màn hình Thêm mới sản phẩm khi người dùng hủy thao tác tạo mới sau khi hệ thống đã sinh mã sản phẩm | D79: 1. Truy cập màn hình Thêm mới sản phẩm 2. Không lưu dữ liệu 3. Quay lại màn danh sách 4. Mở lại màn Thêm mới sản phẩm | E79: Hệ thống giữ nguyên mã sản phẩm đã được sinh tự động trước đó khi người dùng hủy thao tác tạo mới và truy cập lại màn hình Thêm mới sản phẩm.
A80: =IF(E80<>"",$E$3&"0"&COUNTA($E$15:E80),"") -> SP059 | B80: Kiểm tra hiển thị trường “Danh mục sản phẩm” trong màn hình Thêm mới sản phẩm khi hệ thống tải danh sách Danh mục sản phẩm | D80: 1. Truy cập màn hình Thêm mới sản phẩm 2. Bấm vào trường “Danh mục sản phẩm” | E80: Hệ thống hiển thị đầy đủ danh sách Danh mục sản phẩm theo dữ liệu cấu hình
A81: =IF(E81<>"",$E$3&"0"&COUNTA($E$15:E81),"") -> SP060 | B81: Kiểm tra hiển thị trường “Danh mục sản phẩm” trong màn hình Thêm mới sản phẩm khi người dùng thực hiện chọn một Danh mục sản phẩm | D81: 1. Truy cập màn hình Thêm mới sản phẩm 2. Bấm chọn trường “Danh mục sản phẩm” 3. Chọn một danh mục trong danh sách | E81: Hệ thống hiển thị đúng giá trị danh mục đã chọn tại trường “Danh mục sản phẩm”
A82: =IF(E82<>"",$E$3&"0"&COUNTA($E$15:E82),"") -> SP061 | B82: Kiểm tra hiển thị trường “Danh mục sản phẩm” trong màn hình Thêm mới sản phẩm khi người dùng chưa chọn Danh mục sản phẩm | D82: 1. Truy cập màn hình Thêm mới sản phẩm 2. Chọn tất cả trường bắt buộc và không chọn trường “Danh mục sản phẩm” 3. Bấm vào Lưu | E82: Hệ thống không cho phép lưu dữ liệu Hệ thống hiển thị thông báo yêu cầu chọn Danh mục sản phẩm Trường “Danh mục sản phẩm” được làm nổi bật viền
... A120: =IF(E120<>"",$E$3&"0"&COUNTA($E$15:E120),"") -> SP099 | B120: Kiểm tra hiển thị trường “Nhà cung cấp” trong màn hình Thêm mới sản phẩm khi hệ thống tải danh sách nhà cung cấp | D120: 1. Truy cập màn hình Thêm mới sản phẩm 2. Bấm vào trường “Nhà cung cấp” | E120: Hệ thống hiển thị đầy đủ danh sách Nhà cung cấp theo dữ liệu cấu hình
A121: =IF(E121<>"",$E$3&COUNTA($E$15:E121),"") -> SP100 | B121: Kiểm tra hiển thị trường “Nhà cung cấp” trong màn hình Thêm mới sản phẩm khi người dùng chọn một nhà cung cấp | D121: 1. Truy cập màn hình Thêm mới sản phẩm 2. Bấm chọn trường “Nhà cung cấp ” 3. Chọn một danh mục trong danh sách | E121: Hệ thống hiển thị đúng giá trị danh mục đã chọn tại trường “Nhà cung cấp ”
A122: =IF(E122<>"",$E$3&COUNTA($E$15:E122),"") -> SP101 | B122: Kiểm tra hiển thị trường “Nhà cung cấp” trong màn hình Thêm mới sản phẩm khi người dùng chọn nhiều nhà cung cấp | D122: 1. Truy cập màn hình Thêm mới sản phẩm 2. Chọn trường “Nhà cung cấp” 3. Chọn nhiều nhà cung cấp | E122: Hệ thống hiển thị đầy đủ các nhà cung cấp đã chọn
A123: =IF(E123<>"",$E$3&COUNTA($E$15:E123),"") -> SP102 | B123: Kiểm tra hiển thị trường “Nhà cung cấp” trong màn hình Thêm mới sản phẩm khi người dùng bỏ chọn một nhà cung cấp | D123: 1. Truy cập màn hình Thêm mới sản phẩm 2. Chọn trường “Nhà cung cấp” 3. Chọn nhiều nhà cung cấp 4. Bấm xóa một nhà cung cấp | E123: Hệ thống loại bỏ đúng nhà cung cấp đã bỏ chọn
A124: =IF(E124<>"",$E$3&COUNTA($E$15:E124),"") -> SP103 | B124: Kiểm tra hiển thị trường “Nhà cung cấp” trong màn hình Thêm mới sản phẩm khi người dùng xóa toàn bộ nhà cung cấp đã chọn | D124: 1. Truy cập màn hình Thêm mới sản phẩm 2. Chọn trường “Nhà cung cấp” 3. Chọn nhiều nhà cung cấp 4. Bấm icon xóa tất cả | E124: Hệ thống xóa toàn bộ giá trị đã chọn
A125: =IF(E125<>"",$E$3&COUNTA($E$15:E125),"") -> SP104 | B125: Kiểm tra hiển thị trường “Nhà cung cấp” trong màn hình Thêm mới sản phẩm khi người dùng chưa chọn nhà cung cấp | D125: 1. Truy cập màn hình Thêm mới sản phẩm 2. Chọn tất cả trường bắt buộc và không chọn trường “Nhà cung cấp ” 3. Bấm vào Lưu | E125: Hệ thống cho phép lưu dữ liệu thành công khi không chọn nhà cung cấp
A126: =IF(E126<>"",$E$3&COUNTA($E$15:E126),"") -> SP105 | B126: Kiểm tra hiển thị trường “Nhà cung cấp” trong màn hình Thêm mới sản phẩm khi người dùng tìm kiếm nhà cung cấp trong dropdown | C126: "C" | D126: 1. Truy cập màn hình Thêm mới sản phẩm 2. Bấm vào trường “Nhà cung cấp ” 3. Nhập từ khóa tìm kiếm | E126: Hệ thống hiển thị danh sách thả xuống chỉ hiển thị các danh mục có tên chứa từ khóa Nếu không có kết quả, hiển thị thông báo “Không tìm thấy danh mục”. Có thể xóa từ khóa để hiển thị lại toàn bộ danh sách.
A127: =IF(E127<>"",$E$3&COUNTA($E$15:E127),"") -> SP106 | B127: Kiểm tra hiển thị trường “Nhà cung cấp” trong màn hình Thêm mới sản phẩm khi người dùng chọn lại nhà cung cấp khác | C127: Nhà cung cấp A, Nhà cung cấp C | D127: 1. Truy cập màn hình Thêm mới sản phẩm 2. Bấm vào trường “Nhà cung cấp ” 3. Chọn Nhà cung cấp A 4. Chọn Nhà cung cấp C | E127: Hệ thống cập nhật đúng giá trị danh mục mới được chọn
A128: =IF(E128<>"",$E$3&COUNTA($E$15:E128),"") -> SP107 | B128: Kiểm tra hiển thị trường “Nhà cung cấp” trong màn hình Thêm mới sản phẩm khi thực hiện lưu dữ liệu với nhà cung cấp hợp lệ | D128: 1. Truy cập màn hình Thêm mới sản phẩm 2. Bấm vào trường “Nhà cung cấp ” 3. Chọn dữ liệu kiểm thử 4. Bấm vào Lưu | E128: Hệ thống lưu dữ liệu thành công Tạo mới một bản ghi trong cơ sở dữ liệu với Nhà cung cấp đã chọn Hiển thị đúng trong danh sách sản phẩm
A129: =IF(E129<>"",$E$3&COUNTA($E$15:E129),"") -> SP108 | B129: Kiểm tra hiển thị hộp kiểm “PQC” trong màn hình Thêm mới sản phẩm khi người dùng chọn hộp kiểm “PQC” | D129: 1. Truy cập màn hình Thêm mới sản phẩm 2. Bấm chọn hộp kiểm "PQC" | E129: Hệ thống ghi nhận trạng thái được chọn của hộp kiểm “PQC”
A130: =IF(E130<>"",$E$3&COUNTA($E$15:E130),"") -> SP109 | B130: Kiểm tra hiển thị hộp kiểm “PQC” trong màn hình Thêm mới sản phẩm khi người dùng bỏ chọn hộp kiểm “PQC” | D130: 1. Truy cập màn hình Thêm mới sản phẩm 2. Bấm chọn hộp kiểm "PQC" 3. Bấm bỏ chọn hộp kiểm "PQC" | E130: Hệ thống ghi nhận trạng thái bỏ chọn của hộp kiểm “PQC”
A131: =IF(E131<>"",$E$3&COUNTA($E$15:E131),"") -> SP110 | B131: Kiểm tra lưu dữ liệu với hộp kiểm “PQC” được chọn trong màn hình Thêm mới sản phẩm | D131: 1. Truy cập màn hình Thêm mới sản phẩm 2. Bấm chọn hộp kiểm "PQC" 3. Nhập đầy đủ dữ liệu hợp lệ 4. Bấm vào Lưu | E131: Hệ thống lưu dữ liệu thành công. Tạo mới một bản ghi với trạng thái “PQC” được bật
A132: =IF(E132<>"",$E$3&COUNTA($E$15:E132),"") -> SP111 | B132: Kiểm tra lưu dữ liệu với hộp kiểm “PQC” không được chọn trong màn hình Thêm mới sản phẩm | D132: 1. Truy cập màn hình Thêm mới sản phẩm 2. Không chọn hộp kiểm "PQC" 3. Nhập đầy đủ dữ liệu hợp lệ 4. Bấm vào Lưu | E132: Hệ thống lưu dữ liệu thành công. Tạo mới một bản ghi với trạng thái “PQC” không được bật
A133: =IF(E133<>"",$E$3&COUNTA($E$15:E133),"") -> SP112 | B133: Kiểm tra hiển thị hộp kiểm “IQC” trong màn hình Thêm mới sản phẩm khi người dùng chọn hộp kiểm “IQC” | D133: 1. Truy cập màn hình Thêm mới sản phẩm 2. Bấm chọn hộp kiểm "Kiểm tra IQC" | E133: Hệ thống ghi nhận trạng thái được chọn của hộp kiểm “Kiểm tra IQC”
A134: =IF(E134<>"",$E$3&COUNTA($E$15:E134),"") -> SP113 | B134: Kiểm tra hiển thị hộp kiểm “IQC” trong màn hình Thêm mới sản phẩm khi người dùng bỏ chọn hộp kiểm “IQC” | D134: 1. Truy cập màn hình Thêm mới sản phẩm 2. Bấm chọn hộp kiểm "Kiểm tra IQC" 3. Bấm bỏ chọn hộp kiểm "Kiểm tra IQC" | E134: Hệ thống ghi nhận trạng thái bỏ chọn của hộp kiểm “Kiểm tra IQC”
A135: =IF(E135<>"",$E$3&COUNTA($E$15:E135),"") -> SP114 | B135: Kiểm tra lưu dữ liệu với hộp kiểm “IQC” được chọn trong màn hình Thêm mới sản phẩm | D135: 1. Truy cập màn hình Thêm mới sản phẩm 2. Bấm chọn hộp kiểm "Kiểm tra IQC" 3. Nhập đầy đủ dữ liệu hợp lệ 4. Bấm vào Lưu | E135: Hệ thống lưu dữ liệu thành công. Tạo mới một bản ghi với trạng thái “Kiểm tra IQC” được bật
A136: =IF(E136<>"",$E$3&COUNTA($E$15:E136),"") -> SP115 | B136: Kiểm tra lưu dữ liệu với hộp kiểm “IQC” không được chọn trong màn hình Thêm mới sản phẩm | D136: 1. Truy cập màn hình Thêm mới sản phẩm 2. Không chọn hộp kiểm "Kiểm tra IQC" 3. Nhập đầy đủ dữ liệu hợp lệ 4. Bấm vào Lưu | E136: Hệ thống lưu dữ liệu thành công. Tạo mới một bản ghi với trạng thái “Kiểm tra IQC” không được bật
A137: =IF(E137<>"",$E$3&COUNTA($E$15:E137),"") -> SP116 | B137: Kiểm tra hiển thị dữ liệu tại trường “Tên sản phẩm”trong màn hình Thêm mới sản phẩm khi để trống dữ liệu | D137: 1. Truy cập màn hình Thêm mới sản phẩm 2. Để trống trường “Danh mục sản phẩm” 3. Bấm vào nút Lưu | E137: Hệ thống hiển thị thông báo bắt buộc nhập trường “Danh mục sản phẩm” và không cho phép lưu
...

Sheet ThuocTinhSanPham
D1: KỊCH BẢN KIỂM THỬ *
A2: Tìm kiếm dropdown | D2: Tên màn hình/Tên chức năng | E2: Thuộc tính Thuộc tính Thuộc tính sản phẩm
D3: Mã trường hợp kiểm thử | E3: TTSP
D4: Số trường hợp kiểm thử đạt (P) | E4: 0
D5: Số trường hợp kiểm thử không đạt (F) | E5: 0
D6: Số trường hợp kiểm thử đang xem xét (PE) | E6: 0
D7: Số trường hợp kiểm thử chưa thực hiện | E7: 159
D9: Tổng số trường hợp kiểm thử | E9: 159
D10: Quay lại trang Tổng hợp
A11: Mã trường hợp kiểm thử | B11: Mục đích kiểm thử | C11: Dữ liệu kiểm thử | D11: Các bước thực hiện | E11: Kết quả mong muốn | F11: Chrome | I11: <Firefox> | L11: <Edge> | O11: <Tên trình duyệt 4> | R11: Kết quả hiện tại | S11: Mã lỗi | T11: Ghi chú
F12: Lần 1 | G12: Lần 2 | H12: Lần 3 | I12: Lần 1 | J12: Lần 2 | K12: Lần 3 | L12: Lần 1 | M12: Lần 2 | N12: Lần 3 | O12: Lần 1 | P12: Lần 2 | Q12: Lần 3
B13: Chức năng : Thuộc tính Thuộc tính Thuộc tính sản phẩm
B14: Tiền điều kiện: Bước 1: Đăng nhập vào hệ thống Bước 2: Chọn modul thông tin chung Bước 3: Chọn "Quản lý Thuộc tính Thuộc tính Thuộc tính sản phẩm" Bước 4: Chọn "Phân loại Thuộc tính Thuộc tính sản phẩm"
B15: Màn hình: Danh sách Thuộc tính Thuộc tính Thuộc tính sản phẩm
A16: =IF(E16<>"",$E$3&"00"&COUNTA($E$16:E16),"") -> TTSP001 | B16: - Kiểm tra title “Thuộc tính Thuộc tính Thuộc tính sản phẩm” hiển thị đúng theo thiết kế | E16: Hiển thị đúng giao diện và vị trí theo thiết kế
A17: =IF(E17<>"",$E$3&"00"&COUNTA($E$16:E17),"") -> TTSP002 | B17: - Kiểm tra vị trí các trường filter hiển thị đúng layout | E17: Hiển thị đúng giao diện và vị trí theo thiết kế
A18: =IF(E18<>"",$E$3&"00"&COUNTA($E$16:E18),"") -> TTSP003 | B18: - Kiểm tra font chữ, kích thước chữ của label, button, table header đúng thiết kế - Kiểm tra màu chữ đúng theo trạng thái | E18: Hiển thị đúng giao diện và vị trí theo thiết kế
A19: =IF(E19<>"",$E$3&"00"&COUNTA($E$16:E19),"") -> TTSP004 | B19: Kiểm tra format của các Item (Date, Decimal, …) trên màn hình so với các tài liệu thiết kế Figma | E19: Hiển thị đúng giao diện và vị trí theo thiết kế
A20: =IF(E20<>"",$E$3&"00"&COUNTA($E$16:E20),"") -> TTSP005 | B20: Kiểm tra hiển thị đúng các cột: - Tên - Loại - Giá trị | E20: Hiển thị đúng giao diện và vị trí theo thiết kế
A21: =IF(E21<>"",$E$3&"00"&COUNTA($E$16:E21),"") | B21: Thêm mới Thuộc tính Thuộc tính Thuộc tính sản phẩm
A22: =IF(E22<>"",$E$3&"00"&COUNTA($E$16:E22),"") -> TTSP006 | B22: - Kiểm tra font chữ, kích thước chữ của label, button, table header đúng thiết kế - Kiểm tra màu chữ đúng theo trạng thái | D22: 1. Truy cập màn hình "Thêm mới Thuộc tính Thuộc tính Thuộc tính sản phẩm" | E22: Hiển thị đúng giao diện và vị trí theo thiết kế
A23: =IF(E23<>"",$E$3&"00"&COUNTA($E$16:E23),"") -> TTSP007 | B23: Kiểm tra format của các Item trên màn hình so với các tài liệu thiết kế | D23: 1. Truy cập màn hình "Thêm mới Thuộc tính Thuộc tính Thuộc tính sản phẩm" | E23: Hiển thị đúng giao diện và vị trí theo thiết kế
A24: =IF(E24<>"",$E$3&"00"&COUNTA($E$16:E24),"") -> TTSP008 | B24: Các trường hiển thị đúng loại control theo thiết kế: - Textbox: Mã Thuộc tính Thuộc tính Thuộc tính sản phẩm, Tên Thuộc tính Thuộc tính Thuộc tính sản phẩm | D24: 1. Truy cập màn hình "Thêm mới Thuộc tính Thuộc tính Thuộc tính sản phẩm" | E24: Hiển thị đúng giao diện và vị trí theo thiết kế
A25: =IF(E25<>"",$E$3&"00"&COUNTA($E$16:E25),"") -> TTSP009 | B25: Kiểm tra hiển thị dữ liệu tại trường “Tên Thuộc tính Thuộc tính Thuộc tính sản phẩm”trong màn hình Thêm mới Thuộc tính Thuộc tính Thuộc tính sản phẩm khi để trống dữ liệu | D25: 1. Truy cập màn hình Thêm mới Thuộc tính Thuộc tính Thuộc tính sản phẩm 2. Để trống trường “Thuộc tính Thuộc tính Thuộc tính sản phẩm” 3. Bấm vào nút Lưu | E25: Hệ thống hiển thị thông báo bắt buộc nhập trường “Thuộc tính Thuộc tính Thuộc tính sản phẩm” và không cho phép lưu
A26: =IF(E26<>"",$E$3&"00"&COUNTA($E$16:E26),"") -> TTSP0010 | B26: Kiểm tra hiển thị trường “Tên Thuộc tính Thuộc tính Thuộc tính sản phẩm” trong màn hình Thêm mới Thuộc tính Thuộc tính Thuộc tính sản phẩm khi nhập số ký tự nhỏ hơn độ dài tối thiểu | C26: A | D26: 1. Truy cập màn hình Thêm mới Thuộc tính Thuộc tính Thuộc tính sản phẩm 2. Nhập dữ liệu kiểm thử 3. Bấm vào Lưu | E26: Hiển thị thông báo dữ liệu không đạt độ dài tối thiểu
A27: =IF(E27<>"",$E$3&"00"&COUNTA($E$16:E27),"") -> TTSP0011 | B27: Kiểm tra hiển trường “Tên Thuộc tính Thuộc tính Thuộc tính sản phẩm” trong màn hình Thêm mới Thuộc tính Thuộc tính Thuộc tính sản phẩm khi nhập số ký tự vượt quá độ dài tối đa | C27: Chuỗi vượt quá giới hạn cho phép 155 ký tự | D27: 1. Truy cập màn hình Thêm mới Thuộc tính Thuộc tính Thuộc tính sản phẩm 2. Nhập dữ liệu kiểm thử 3. Bấm vào Lưu | E27: Hiển thị thông báo vượt quá số ký tự cho phép và không cho nhập thêm
A28: =IF(E28<>"",$E$3&"00"&COUNTA($E$16:E28),"") -> TTSP0012 | B28: Kiểm tra hiển thị trường “Tên Thuộc tính Thuộc tính Thuộc tính sản phẩm” trong màn hình Thêm mới Thuộc tính Thuộc tính Thuộc tính sản phẩm khi nhập dữ liệu có chứa khoảng trắng ở đầu và cuối | D28: 1. Truy cập màn hình Thêm mới Thuộc tính Thuộc tính Thuộc tính sản phẩm 2. Nhập dữ liệu kiểm thử 3. Bấm vào Lưu | E28: Hệ thống tự động cắt khoảng trắng và lưu dưới định dạng mong muốn
A29: =IF(E29<>"",$E$3&"00"&COUNTA($E$16:E29),"") -> TTSP0013 | B29: Kiểm tra hiển thị trường “Tên Thuộc tính Thuộc tính Thuộc tính sản phẩm” trong màn hình Thêm mới Thuộc tính Thuộc tính Thuộc tính sản phẩm khi nhập dữ liệu trùng với tên Thuộc tính Thuộc tính Thuộc tính sản phẩm đã tồn tại trong hệ thống | D29: 1. Truy cập màn hình Thêm mới Thuộc tính Thuộc tính Thuộc tính sản phẩm 2. Nhập dữ liệu kiểm thử 3. Bấm vào Lưu | E29: Hiển thị thông báo tên Thuộc tính Thuộc tính Thuộc tính sản phẩm đã tồn tại và không cho lưu
A30: =IF(E30<>"",$E$3&"00"&COUNTA($E$16:E30),"") -> TTSP0014 | B30: Kiểm tra hiển thị trường “Tên Thuộc tính Thuộc tính Thuộc tính sản phẩm” trong màn hình Thêm mới Thuộc tính Thuộc tính Thuộc tính sản phẩm khi nhập dữ liệu hợp lệ và thực hiện lưu thành công | D30: 1. Truy cập màn hình Thêm mới Thuộc tính Thuộc tính Thuộc tính sản phẩm 2. Nhập dữ liệu kiểm thử 3. Bấm vào Lưu | E30: Hệ thống thực hiện lưu dữ liệu thành công. Tạo mới một bản ghi Thuộc tính Thuộc tính Thuộc tính sản phẩm trong cơ sở dữ liệu với thông tin đúng theo dữ liệu đã nhập. Hiển thị bản ghi vừa tạo trong danh sách Thuộc tính Thuộc tính Thuộc tính sản phẩm.
A31: =IF(E31<>"",$E$3&"00"&COUNTA($E$16:E31),"") -> TTSP0015 | B31: Kiểm tra hiển thị trường “Đối tượng” trong màn hình Thêm mới Thuộc tính Thuộc tính sản phẩm khi người dùng thực hiện chọn một Đối tượng | D31: 1. Truy cập màn hình Thêm mới Thuộc tính Thuộc tính sản phẩm 2. Bấm chọn trường “Đối tượng” 3. Chọn một danh mục trong danh sách | E31: Hệ thống hiển thị đúng giá trị danh mục đã chọn tại trường “Đối tượng”
A32: =IF(E32<>"",$E$3&"00"&COUNTA($E$16:E32),"") -> TTSP0016 | B32: Kiểm tra hiển thị trường “Đối tượng” trong màn hình Thêm mới Thuộc tính Thuộc tính sản phẩm khi người dùng chưa chọn Đối tượng | D32: 1. Truy cập màn hình Thêm mới Thuộc tính Thuộc tính sản phẩm 2. Chọn tất cả trường bắt buộc và không chọn trường “Đối tượng” 3. Bấm vào Lưu | E32: Hệ thống không cho phép lưu dữ liệu Hệ thống hiển thị thông báo yêu cầu chọn Đối tượng Trường “Đối tượng” được làm nổi bật viền
A33: =IF(E33<>"",$E$3&"00"&COUNTA($E$16:E33),"") -> TTSP0017 | B33: Kiểm tra hiển thị trường “Đối tượng” trong màn hình Thêm mới Thuộc tính Thuộc tính sản phẩm khi người dùng tìm kiếm Đối tượng trong dropdown | D33: 1. Truy cập màn hình Thêm mới Thuộc tính Thuộc tính sản phẩm 2. Bấm vào trường “Đối tượng” 3. Nhập từ khóa tìm kiếm | E33: Hệ thống hiển thị danh sách thả xuống chỉ hiển thị các danh mục có tên chứa từ khóa Nếu không có kết quả, hiển thị thông báo “Không tìm thấy Đối tượng”. Có thể xóa từ khóa để hiển thị lại toàn bộ danh sách.
A34: =IF(E34<>"",$E$3&"00"&COUNTA($E$16:E34),"") -> TTSP0018 | B34: Kiểm tra hiển thị trường “Đối tượng” trong màn hình Thêm mới Thuộc tính Thuộc tính sản phẩm khi người dùng chọn lại Đối tượng khác | D34: 1. Truy cập màn hình Thêm mới Thuộc tính Thuộc tính sản phẩm 2. Bấm vào trường “Đối tượng” 3. Chọn Danh mục A 4. Chọn Danh mục C | E34: Hệ thống cập nhật đúng giá trị Đối tượng mới được chọn
A35: =IF(E35<>"",$E$3&"00"&COUNTA($E$16:E35),"") -> TTSP0019 | B35: Kiểm tra hiển thị trường “Đối tượng” trong màn hình Thêm mới Thuộc tính Thuộc tính sản phẩm khi thực hiện lưu dữ liệu với Đối tượng hợp lệ | D35: 1. Truy cập màn hình Thêm mới Thuộc tính Thuộc tính sản phẩm 2. Bấm vào trường “Đối tượng” 3. Chọn dữ liệu kiểm thử 4. Bấm vào Lưu | E35: Hệ thống lưu dữ liệu thành công Tạo mới một bản ghi trong cơ sở dữ liệu với Đối tượng đã chọn
A36: =IF(E36<>"",$E$3&"00"&COUNTA($E$16:E36),"") -> TTSP0020 | B36: Kiểm tra hiển thị dropdown trường “Loại” trong màn hình Tạo mới thuộc tính khi người dùng mở màn hình tạo mới. | D36: 1. Truy cập màn hình Thêm mới Thuộc tính Thuộc tính sản phẩm 2. Bấm vào trường “Loại” | E36: Hệ thống hiển thị trường “Loại” dạng dropdown. Khi bấm vào trường, hệ thống hiển thị danh sách loại giá trị để lựa chọn.
A37: =IF(E37<>"",$E$3&"00"&COUNTA($E$16:E37),"") -> TTSP0021 | B37: Kiểm tra chọn giá trị “Giá trị nhập” tại trường “Loại” trong màn hình Tạo mới thuộc tính khi người dùng chọn dữ liệu từ dropdown. | D37: 1. Truy cập màn hình Thêm mới Thuộc tính Thuộc tính sản phẩm 2. Bấm vào trường “Loại” 3. Bấm chọn giá trị "Giá trị nhập" | E37: Hệ thống cho phép chọn giá trị “Giá trị nhập”. Giá trị đã chọn được hiển thị tại trường “Loại”.
A38: =IF(E38<>"",$E$3&"00"&COUNTA($E$16:E38),"") -> TTSP0022 | B38: Kiểm tra chọn giá trị “Danh sách chọn” tại trường “Loại” trong màn hình Tạo mới thuộc tính khi người dùng chọn dữ liệu từ dropdown. | D38: 1. Truy cập màn hình Thêm mới Thuộc tính Thuộc tính sản phẩm 2. Bấm vào trường “Loại” 3. Bấm chọn giá trị "Danh sách chọn" | E38: Hệ thống cho phép chọn giá trị “Danh sách chọn”. Giá trị đã chọn được hiển thị tại trường “Loại”.
A39: =IF(E39<>"",$E$3&"00"&COUNTA($E$16:E39),"") -> TTSP0023 | B39: Kiểm tra hiển thị trường “Giá trị” trong màn hình Tạo mới thuộc tính khi người dùng chọn loại là “Danh sách chọn”. | D39: 1. Truy cập màn hình Thêm mới Thuộc tính Thuộc tính sản phẩm 2. Bấm vào trường “Loại” 3. Bấm chọn giá trị "Danh sách chọn" | E39: Hệ thống hiển thị thêm trường “Giá trị” để người dùng nhập hoặc cấu hình danh sách lựa chọn.
... A54: =IF(E54<>"",$E$3&"00"&COUNTA($E$16:E54),"") -> TTSP0038 | B54: Kiểm tra luồng thêm mới thành công với dữ liệu hợp lệ | D54: 1. Truy cập màn hình “Thêm mới Thuộc tính Thuộc tính sản phẩm” 2. Nhập dữ liệu 3. Bấm vào “Lưu” | E54: Hệ thống hiển thị thông báo lưu thành công, tạo mới bản ghi trong cơ sở dữ liệu và hiển thị dữ liệu vừa tạo trong danh sách Thuộc tính Thuộc tính sản phẩm
A55: =IF(E55<>"",$E$3&"00"&COUNTA($E$16:E55),"") | B55: Sửa Thuộc tính Thuộc tính Thuộc tính sản phẩm
A56: =IF(E56<>"",$E$3&"00"&COUNTA($E$16:E56),"") -> TTSP0039 | B56: - Kiểm tra font chữ, kích thước chữ của label, button, table header đúng thiết kế - Kiểm tra màu chữ đúng theo trạng thái | D56: 1. Truy cập màn hình "Chỉnh sửa Thuộc tính Thuộc tính Thuộc tính sản phẩm" | E56: Hiển thị đúng giao diện và vị trí theo thiết kế
A57: =IF(E57<>"",$E$3&"00"&COUNTA($E$16:E57),"") -> TTSP0040 | B57: Kiểm tra format của các Item trên màn hình so với các tài liệu thiết kế | D57: 1. Truy cập màn hình "Chỉnh sửa Thuộc tính Thuộc tính Thuộc tính sản phẩm" | E57: Hiển thị đúng giao diện và vị trí theo thiết kế
A58: =IF(E58<>"",$E$3&"00"&COUNTA($E$16:E58),"") -> TTSP0041 | B58: Các trường hiển thị đúng loại control theo thiết kế: - Textbox: Mã Thuộc tính Thuộc tính Thuộc tính sản phẩm, Tên Thuộc tính Thuộc tính Thuộc tính sản phẩm | D58: 1. Truy cập màn hình "Chỉnh sửa Thuộc tính Thuộc tính Thuộc tính sản phẩm" | E58: Hiển thị đúng giao diện và vị trí theo thiết kế
A59: =IF(E59<>"",$E$3&"00"&COUNTA($E$16:E59),"") -> TTSP0042 | B59: Kiểm tra hiển thị dữ liệu tại trường “Tên Thuộc tính Thuộc tính Thuộc tính sản phẩm”trong màn hình Thêm mới Thuộc tính Thuộc tính Thuộc tính sản phẩm khi để trống dữ liệu | D59: 1. Truy cập màn hình Chỉnh sửa Thuộc tính Thuộc tính Thuộc tính sản phẩm 2. Để trống trường “Thuộc tính Thuộc tính Thuộc tính sản phẩm” 3. Bấm vào nút Lưu | E59: Hệ thống hiển thị thông báo bắt buộc nhập trường “Thuộc tính Thuộc tính Thuộc tính sản phẩm” và không cho phép lưu
A60: =IF(E60<>"",$E$3&"00"&COUNTA($E$16:E60),"") -> TTSP0043 | B60: Kiểm tra hiển thị trường “Tên Thuộc tính Thuộc tính Thuộc tính sản phẩm” trong màn hình Thêm mới Thuộc tính Thuộc tính Thuộc tính sản phẩm khi nhập số ký tự nhỏ hơn độ dài tối thiểu | C60: A | D60: 1. Truy cập màn hình Chỉnh sửa Thuộc tính Thuộc tính Thuộc tính sản phẩm 2. Nhập dữ liệu kiểm thử 3. Bấm vào Lưu | E60: Hiển thị thông báo dữ liệu không đạt độ dài tối thiểu
A61: =IF(E61<>"",$E$3&"00"&COUNTA($E$16:E61),"") -> TTSP0044 | B61: Kiểm tra hiển trường “Tên Thuộc tính Thuộc tính Thuộc tính sản phẩm” trong màn hình Thêm mới Thuộc tính Thuộc tính Thuộc tính sản phẩm khi nhập số ký tự vượt quá độ dài tối đa | C61: Chuỗi vượt quá giới hạn cho phép 155 ký tự | D61: 1. Truy cập màn hình Chỉnh sửa Thuộc tính Thuộc tính Thuộc tính sản phẩm 2. Nhập dữ liệu kiểm thử 3. Bấm vào Lưu | E61: Hiển thị thông báo vượt quá số ký tự cho phép và không cho nhập thêm
A62: =IF(E62<>"",$E$3&"00"&COUNTA($E$16:E62),"") -> TTSP0045 | B62: Kiểm tra hiển thị trường “Tên Thuộc tính Thuộc tính Thuộc tính sản phẩm” trong màn hình Thêm mới Thuộc tính Thuộc tính Thuộc tính sản phẩm khi nhập dữ liệu có chứa khoảng trắng ở đầu và cuối | D62: 1. Truy cập màn hình Chỉnh sửa Thuộc tính Thuộc tính Thuộc tính sản phẩm 2. Nhập dữ liệu kiểm thử 3. Bấm vào Lưu | E62: Hệ thống tự động cắt khoảng trắng và lưu dưới định dạng mong muốn
A63: =IF(E63<>"",$E$3&"00"&COUNTA($E$16:E63),"") -> TTSP0046 | B63: Kiểm tra hiển thị trường “Tên Thuộc tính Thuộc tính Thuộc tính sản phẩm” trong màn hình Thêm mới Thuộc tính Thuộc tính Thuộc tính sản phẩm khi nhập dữ liệu trùng với tên Thuộc tính Thuộc tính Thuộc tính sản phẩm đã tồn tại trong hệ thống | D63: 1. Truy cập màn hình Chỉnh sửa Thuộc tính Thuộc tính Thuộc tính sản phẩm 2. Nhập dữ liệu kiểm thử 3. Bấm vào Lưu | E63: Hiển thị thông báo tên Thuộc tính Thuộc tính Thuộc tính sản phẩm đã tồn tại và không cho lưu
A64: =IF(E64<>"",$E$3&"00"&COUNTA($E$16:E64),"") -> TTSP0047 | B64: Kiểm tra hiển thị trường “Tên Thuộc tính Thuộc tính Thuộc tính sản phẩm” trong màn hình Thêm mới Thuộc tính Thuộc tính Thuộc tính sản phẩm khi nhập dữ liệu hợp lệ và thực hiện lưu thành công | D64: 1. Truy cập màn hình Chỉnh sửa Thuộc tính Thuộc tính Thuộc tính sản phẩm 2. Nhập dữ liệu kiểm thử 3. Bấm vào Lưu | E64: Hệ thống thực hiện lưu dữ liệu thành công. Tạo mới một bản ghi Thuộc tính Thuộc tính Thuộc tính sản phẩm trong cơ sở dữ liệu với thông tin đúng theo dữ liệu đã nhập. Hiển thị bản ghi vừa tạo trong danh sách Thuộc tính Thuộc tính Thuộc tính sản phẩm.
A65: =IF(E65<>"",$E$3&"00"&COUNTA($E$16:E65),"") -> TTSP0048 | B65: Kiểm tra hiển thị trường “Đối tượng” trong màn hình Thêm mới Thuộc tính Thuộc tính sản phẩm khi người dùng thực hiện chọn một Đối tượng | D65: 1. Truy cập màn hình Chỉnh sửa Thuộc tính Thuộc tính sản phẩm 2. Bấm chọn trường “Đối tượng” 3. Chọn một danh mục trong danh sách | E65: Hệ thống hiển thị đúng giá trị danh mục đã chọn tại trường “Đối tượng”
A66: =IF(E66<>"",$E$3&"00"&COUNTA($E$16:E66),"") -> TTSP0049 | B66: Kiểm tra hiển thị trường “Đối tượng” trong màn hình Thêm mới Thuộc tính Thuộc tính sản phẩm khi người dùng chưa chọn Đối tượng | D66: 1. Truy cập màn hình Chỉnh sửa Thuộc tính Thuộc tính sản phẩm 2. Chọn tất cả trường bắt buộc và không chọn trường “Đối tượng” 3. Bấm vào Lưu | E66: Hệ thống không cho phép lưu dữ liệu Hệ thống hiển thị thông báo yêu cầu chọn Đối tượng Trường “Đối tượng” được làm nổi bật viền
A67: =IF(E67<>"",$E$3&"00"&COUNTA($E$16:E67),"") -> TTSP0050 | B67: Kiểm tra hiển thị trường “Đối tượng” trong màn hình Thêm mới Thuộc tính Thuộc tính sản phẩm khi người dùng tìm kiếm Đối tượng trong dropdown | D67: 1. Truy cập màn hình Chỉnh sửa Thuộc tính Thuộc tính sản phẩm 2. Bấm vào trường “Đối tượng” 3. Nhập từ khóa tìm kiếm | E67: Hệ thống hiển thị danh sách thả xuống chỉ hiển thị các danh mục có tên chứa từ khóa Nếu không có kết quả, hiển thị thông báo “Không tìm thấy Đối tượng”. Có thể xóa từ khóa để hiển thị lại toàn bộ danh sách.
A68: =IF(E68<>"",$E$3&"00"&COUNTA($E$16:E68),"") -> TTSP0051 | B68: Kiểm tra hiển thị trường “Đối tượng” trong màn hình Thêm mới Thuộc tính Thuộc tính sản phẩm khi người dùng chọn lại Đối tượng khác | D68: 1. Truy cập màn hình Chỉnh sửa Thuộc tính Thuộc tính sản phẩm 2. Bấm vào trường “Đối tượng” 3. Chọn Danh mục A 4. Chọn Danh mục C | E68: Hệ thống cập nhật đúng giá trị Đối tượng mới được chọn
A69: =IF(E69<>"",$E$3&"00"&COUNTA($E$16:E69),"") -> TTSP0052 | B69: Kiểm tra hiển thị trường “Đối tượng” trong màn hình Thêm mới Thuộc tính Thuộc tính sản phẩm khi thực hiện lưu dữ liệu với Đối tượng hợp lệ | D69: 1. Truy cập màn hình Chỉnh sửa Thuộc tính Thuộc tính sản phẩm 2. Bấm vào trường “Đối tượng” 3. Chọn dữ liệu kiểm thử 4. Bấm vào Lưu | E69: Hệ thống lưu dữ liệu thành công Tạo mới một bản ghi trong cơ sở dữ liệu với Đối tượng đã chọn
A70: =IF(E70<>"",$E$3&"00"&COUNTA($E$16:E70),"") -> TTSP0053 | B70: Kiểm tra hiển thị dropdown trường “Loại” trong màn hình Tạo mới thuộc tính khi người dùng mở màn hình tạo mới. | D70: 1. Truy cập màn hình Chỉnh sửa Thuộc tính Thuộc tính sản phẩm 2. Bấm vào trường “Loại” | E70: Hệ thống hiển thị trường “Loại” dạng dropdown. Khi bấm vào trường, hệ thống hiển thị danh sách loại giá trị để lựa chọn.
A71: =IF(E71<>"",$E$3&"00"&COUNTA($E$16:E71),"") -> TTSP0054 | B71: Kiểm tra chọn giá trị “Giá trị nhập” tại trường “Loại” trong màn hình Tạo mới thuộc tính khi người dùng chọn dữ liệu từ dropdown. | D71: 1. Truy cập màn hình Chỉnh sửa Thuộc tính Thuộc tính sản phẩm 2. Bấm vào trường “Loại” 3. Bấm chọn giá trị "Giá trị nhập" | E71: Hệ thống cho phép chọn giá trị “Giá trị nhập”. Giá trị đã chọn được hiển thị tại trường “Loại”.
A72: =IF(E72<>"",$E$3&"00"&COUNTA($E$16:E72),"") -> TTSP0055 | B72: Kiểm tra chọn giá trị “Danh sách chọn” tại trường “Loại” trong màn hình Tạo mới thuộc tính khi người dùng chọn dữ liệu từ dropdown. | D72: 1. Truy cập màn hình Chỉnh sửa Thuộc tính Thuộc tính sản phẩm 2. Bấm vào trường “Loại” 3. Bấm chọn giá trị "Danh sách chọn" | E72: Hệ thống cho phép chọn giá trị “Danh sách chọn”. Giá trị đã chọn được hiển thị tại trường “Loại”.
A73: =IF(E73<>"",$E$3&"00"&COUNTA($E$16:E73),"") -> TTSP0056 | B73: Kiểm tra hiển thị trường “Giá trị” trong màn hình Tạo mới thuộc tính khi người dùng chọn loại là “Danh sách chọn”. | D73: 1. Truy cập màn hình Chỉnh sửa Thuộc tính Thuộc tính sản phẩm 2. Bấm vào trường “Loại” 3. Bấm chọn giá trị "Danh sách chọn" | E73: Hệ thống hiển thị thêm trường “Giá trị” để người dùng nhập hoặc cấu hình danh sách lựa chọn.
... A88: =IF(E88<>"",$E$3&"00"&COUNTA($E$16:E88),"") -> TTSP0071 | B88: Kiểm tra luồng thêm mới thành công với dữ liệu hợp lệ | D88: 1. Truy cập màn hình “Chỉnh sửa Thuộc tính Thuộc tính sản phẩm” 2. Nhập dữ liệu 3. Bấm vào “Lưu” | E88: Hệ thống hiển thị thông báo lưu thành công, tạo mới bản ghi trong cơ sở dữ liệu và hiển thị dữ liệu vừa tạo trong danh sách Thuộc tính Thuộc tính sản phẩm
A89: =IF(E89<>"",$E$3&"00"&COUNTA($E$16:E89),"") -> TTSP0072 | B89: Xóa Thuộc tính Thuộc tính Thuộc tính sản phẩm
A90: =IF(E90<>"",$E$3&"00"&COUNTA($E$16:E90),"") -> TTSP0073 | B90: Kiểm tra hiển thị icon thùng rác xóa Thuộc tính Thuộc tính Thuộc tính sản phẩm | E90: Icon/button xóa hiển thị đúng giao diện và vị trí theo thiết kế
A91: =IF(E91<>"",$E$3&"00"&COUNTA($E$16:E91),"") -> TTSP0074 | B91: Kiểm tra hiển thị Cửa sổ xác nhận xóa Thuộc tính Thuộc tính Thuộc tính sản phẩm khi bấm vào icon thùng rác xóa Thuộc tính Thuộc tính Thuộc tính sản phẩm | D91: 1. Bấm vào icon xóa Thuộc tính Thuộc tính Thuộc tính sản phẩm | E91: Hệ thống hiển thị Cửa sổ xác nhận xóa với đầy đủ nội dung: tiêu đề, thông báo, nút “Hủy”, nút “Xác nhận”
A92: =IF(E92<>"",$E$3&"00"&COUNTA($E$16:E92),"") -> TTSP0075 | B92: Kiểm tra xóa Thuộc tính Thuộc tính Thuộc tính sản phẩm không thành công khi bấm vào "Hủy" | D92: 1. Bấm vào icon xóa 2. Bấm vào nút “Hủy” | E92: Hệ thống đóng Cửa sổ xác nhận xóa và không thực hiện xóa dữ liệu
A93: =IF(E93<>"",$E$3&"00"&COUNTA($E$16:E93),"") -> TTSP0076 | B93: Kiểm tra xóa Thuộc tính Thuộc tính Thuộc tính sản phẩm thành công khi bấm vào "Xác nhận" | D93: 1. Bấm vào icon xóa Thuộc tính Thuộc tính Thuộc tính sản phẩm 2. Bấm vào nút “Xác nhận” | E93: Hệ thống xóa Thuộc tính Thuộc tính Thuộc tính sản phẩm thành công, dữ liệu không còn hiển thị trong danh sách Thuộc tính Thuộc tính Thuộc tính sản phẩm
A94: =IF(E94<>"",$E$3&"00"&COUNTA($E$16:E94),"") -> TTSP0077 | B94: Kiểm tra xóa Thuộc tính Thuộc tính Thuộc tính sản phẩm không thành công khi bấm ra ngoài Cửa sổ xác nhận xóa | D94: 1. Bấm vào icon xóa 2. Bấm vào ra ngoài Cửa sổ | E94: Hệ thống đóng cửa sổ
A95: =IF(E95<>"",$E$3&"00"&COUNTA($E$16:E95),"")
A96: =IF(E96<>"",$E$3&"00"&COUNTA($E$16:E96),"")
A97: =IF(E97<>"",$E$3&"00"&COUNTA($E$16:E97),"")
A98: =IF(E98<>"",$E$3&"00"&COUNTA($E$16:E98),"")
A99: =IF(E99<>"",$E$3&"00"&COUNTA($E$16:E99),"")
B267: Kiểm tra hiển thị mặc định màn hình Chỉnh sửa khi bấm vào Mã Thuộc tính Thuộc tính Thuộc tính sản phẩm | D267: 1. Bấm vào mã Thuộc tính Thuộc tính Thuộc tính sản phẩm | E267: Điều hướng đến màn hình Chỉnh sửa, hiển thị đầy đủ các thành phần theo thiết kế
B268: Kiểm tra luồng chỉnh sửa không thành công khi bỏ trống tất cả các trường | D268: 1. Bấm vào mã Thuộc tính Thuộc tính Thuộc tính sản phẩm 2. Bỏ trống tất cả các trường 3. Bấm vào lưu | E268: Hệ thống hiển thị đầy đủ thông báo validation tại trường bắt buộc và không cho phép lưu dữ liệu
B269: Kiểm tra luồng chỉnh sửa không thành công khi bỏ trống các trường bắt buộc | D269: 1. Bấm vào mã Thuộc tính Thuộc tính Thuộc tính sản phẩm 2. Bỏ trống trường bắt buộc, chỉnh sửa thông tin các trường còn lại hợp lệ 3. Bấm vào lưu | E269: Hệ thống hiển thị đầy đủ thông báo validation tại các trường bắt buộc và không cho lưu
B270: Kiểm tra luồng chỉnh sửa không thành công khi nhấn vào nút quay lại | D270: 1. Bấm vào mã Thuộc tính Thuộc tính Thuộc tính sản phẩm 2. Chỉnh sửa các thông tin các trường 3. Bấm vào nút quay lại | E270: Điều hướng đến màn hình Danh sách Thuộc tính Thuộc tính Thuộc tính sản phẩm và không lưu dữ liệu
B271: Kiểm tra luồng chỉnh sửa thành công | D271: 1. Bấm vào mã Thuộc tính Thuộc tính Thuộc tính sản phẩm 2. Chỉnh thông tin các trường hợp lệ 3. Bấm vào lưu | E271: Hệ thống hiển thị thông báo lưu thành công Tạo mới bản ghi trong cơ sở dữ liệu và hiển thị dữ liệu vừa Tạo trong danh sách Thuộc tính Thuộc tính Thuộc tính sản phẩm
B272: Tab: Thông tin sản xuất
B273: Kiểm tra hiển thị mặc định màn hình Thông tin sản xuất | D273: 1. Bấm vào mã Thuộc tính Thuộc tính Thuộc tính sản phẩm 2. Bấm vào tab Thông tin sản xuất | E273: Điều hướng đến màn hình Chỉnh sửa, hiển thị đầy đủ các thành phần theo thiết kế
B274: Kiểm tra dữ liệu mã BOM được liên kết đúng từ bảng định mức NVL | D274: 1. Bấm vào mã Thuộc tính Thuộc tính Thuộc tính sản phẩm 2. Bấm vào tab Thông tin sản xuất 3.đối chiếu danh sách mã BOM với bảng 1.6.3 định mức NVL | E274: Dữ liệu mã BOM hiển thị đúng theo dữ liệu nguồn
B275: Kiểm tra điều hướng đến màn hình chi tiết BOM khi nhấn vào mã BOM | D275: 1. Bấm vào mã Thuộc tính Thuộc tính Thuộc tính sản phẩm 2. Bấm vào tab “Thông tin sản xuất” 3. Nhấn vào một mã BOM bất kỳ | E275: Hệ thống mở đúng màn hình chi tiết BOM tương ứng
B276: Kiểm tra dữ liệu tên Thuộc tính Thuộc tính Thuộc tính sản phẩm áp dụng BOM được lấy đúng từ bảng định mức NVL | D276: 1. Bấm vào mã Thuộc tính Thuộc tính Thuộc tính sản phẩm 2. Bấm vào tab “Thông tin sản xuất” 3. Đối chiếu tên Thuộc tính Thuộc tính Thuộc tính sản phẩm với bảng 1.6.3 định mức NVL | E276: Tên Thuộc tính Thuộc tính Thuộc tính sản phẩm hiển thị chính xác
B277: Kiểm tra dữ liệu số lượng Thuộc tính Thuộc tính Thuộc tính sản phẩm trong BOM được lấy đúng từ nguồn dữ liệu | D277: 1. Bấm vào mã Thuộc tính Thuộc tính Thuộc tính sản phẩm 2. Bấm vào tab “Thông tin sản xuất” 3. Đối chiếu số lượng Thuộc tính Thuộc tính Thuộc tính sản phẩm với bảng 1.6.3 định mức NVL | E277: Số lượng Thuộc tính Thuộc tính Thuộc tính sản phẩm hiển thị đúng
B278: Kiểm tra dữ liệu đơn vị tính của Thuộc tính Thuộc tính Thuộc tính sản phẩm trong BOM được lấy đúng từ nguồn dữ liệu | D278: 1. Bấm vào mã Thuộc tính Thuộc tính Thuộc tính sản phẩm 2. Bấm vào tab “Thông tin sản xuất” 3. Đối chiếu đơn vị tính với bảng 1.6.3 định mức NVL | E278: Đơn vị tính hiển thị chính xác
B279: Kiểm tra dữ liệu trạng thái BOM được đồng bộ đúng với dữ liệu nguồn | D279: 1. Bấm vào mã Thuộc tính Thuộc tính Thuộc tính sản phẩm 2. Bấm vào tab “Thông tin sản xuất” 3. Đối chiếu trạng thái BOM với bảng 1.6.3 định mức NVL | E279: Trạng thái BOM hiển thị đúng
B280: Kiểm tra dữ liệu loại BOM được lấy đúng từ bảng định mức NVL | D280: 1. Bấm vào mã Thuộc tính Thuộc tính Thuộc tính sản phẩm 2. Bấm vào tab “Thông tin sản xuất” 3. Đối chiếu loại BOM với bảng 1.6.3 định mức NVL | E280: Loại BOM hiển thị chính xác
B281: Kiểm tra dữ liệu mã quy trình mẫu được lấy đúng từ bảng quy trình mẫu | D281: 1. Bấm vào mã Thuộc tính Thuộc tính Thuộc tính sản phẩm 2. Bấm vào tab “Thông tin sản xuất” 3. Đối chiếu mã quy trình mẫu với bảng 1.6.2 quy trình mẫu | E281: Mã quy trình mẫu hiển thị đúng
B282: Kiểm tra điều hướng đến màn hình chi tiết quy trình mẫu khi nhấn vào mã quy trình mẫu | D282: 1. Bấm vào mã Thuộc tính Thuộc tính Thuộc tính sản phẩm 2. Bấm vào tab “Thông tin sản xuất” 3. Nhấn vào một mã quy trình mẫu bất kỳ | E282: Hệ thống mở đúng màn hình chi tiết quy trình mẫu
B283: Kiểm tra dữ liệu tên quy trình mẫu được lấy đúng từ bảng quy trình mẫu | D283: 1. Bấm vào mã Thuộc tính Thuộc tính Thuộc tính sản phẩm 2. Bấm vào tab “Thông tin sản xuất” 3. Đối chiếu tên quy trình mẫu với bảng 1.6.2 quy trình mẫu | E283: Tên quy trình mẫu hiển thị chính xác
B284: Kiểm tra dữ liệu trạng thái quy trình mẫu được đồng bộ đúng với dữ liệu nguồn | D284: 1. Bấm vào mã Thuộc tính Thuộc tính Thuộc tính sản phẩm 2. Bấm vào tab “Thông tin sản xuất” 3. Đối chiếu trạng thái quy trình mẫu với bảng 1.6.2 quy trình mẫu | E284: Trạng thái quy trình mẫu hiển thị đúng
B285: Tab: Thông tin tồn kho
B286: Kiểm tra hiển thị mặc định màn hình Thông tin sản xuất | D286: 1. Bấm vào mã Thuộc tính Thuộc tính Thuộc tính sản phẩm 2. Bấm vào tab Thông tin sản xuất | E286: Điều hướng đến màn hình Chỉnh sửa, hiển thị đầy đủ các thành phần theo thiết kế
B287: Kiểm tra dữ liệu tên kho lưu trữ Thuộc tính Thuộc tính Thuộc tính sản phẩm được lấy đúng từ bảng kho | D287: 1. Bấm vào mã Thuộc tính Thuộc tính Thuộc tính sản phẩm 2. Bấm vào tab “Thông tin tồn kho” 3. Đối chiếu tên kho với bảng 1.8.1 kho | E287: Tên kho hiển thị đúng theo dữ liệu nguồn
B288: Kiểm tra điều hướng đến màn hình chi tiết kho khi nhấn vào tên kho | D288: 1. Bấm vào mã Thuộc tính Thuộc tính Thuộc tính sản phẩm 2. Bấm vào tab “Thông tin tồn kho” 3. Nhấn vào một tên kho bất kỳ | E288: Hệ thống điều hướng đến màn hình chi tiết kho tương ứng
B289: Kiểm tra dữ liệu số lượng tồn kho hiện tại được lấy đúng từ bảng kho | D289: 1. Bấm vào mã Thuộc tính Thuộc tính Thuộc tính sản phẩm 2. Bấm vào tab “Thông tin tồn kho” 3. Đối chiếu số lượng hiện tại với bảng 1.8.1 kho | E289: Số lượng hiện tại hiển thị chính xác
B290: Kiểm tra dữ liệu số lượng tồn kho dự kiến được lấy đúng từ bảng kho | D290: 1. Bấm vào mã Thuộc tính Thuộc tính Thuộc tính sản phẩm 2. Bấm vào tab “Thông tin tồn kho” 3. Đối chiếu số lượng dự kiến với bảng 1.8.1 kho | E290: Số lượng dự kiến hiển thị chính xác
B291: Kiểm tra dữ liệu đơn vị tính của Thuộc tính Thuộc tính Thuộc tính sản phẩm trong kho được lấy đúng từ bảng kho | D291: 1. Bấm vào mã Thuộc tính Thuộc tính Thuộc tính sản phẩm 2. Bấm vào tab “Thông tin tồn kho” 3. Đối chiếu đơn vị tính với bảng 1.8.1 kho | E291: Đơn vị tính hiển thị đúng
B292: Xóa Thuộc tính Thuộc tính Thuộc tính sản phẩm
B293: Kiểm tra hiển thị icon thùng rác xóa Thuộc tính Thuộc tính Thuộc tính sản phẩm | E293: Icon/button xóa hiển thị đúng giao diện và vị trí theo thiết kế
B294: Kiểm tra hiển thị Cửa sổ xác nhận xóa Thuộc tính Thuộc tính Thuộc tính sản phẩm khi bấm vào icon thùng rác xóa Thuộc tính Thuộc tính Thuộc tính sản phẩm | D294: 1. Bấm vào icon xóa Thuộc tính Thuộc tính Thuộc tính sản phẩm | E294: Hệ thống hiển thị Cửa sổ xác nhận xóa với đầy đủ nội dung: tiêu đề, thông báo, nút “Hủy”, nút “Xác nhận”
B295: Kiểm tra xóa Thuộc tính Thuộc tính Thuộc tính sản phẩm không thành công khi bấm vào "Hủy" | D295: 1. Bấm vào icon xóa 2. Bấm vào nút “Hủy” | E295: Hệ thống đóng Cửa sổ xác nhận xóa và không thực hiện xóa dữ liệu
B296: Kiểm tra xóa Thuộc tính Thuộc tính Thuộc tính sản phẩm thành công khi bấm vào "Xác nhận" | D296: 1. Bấm vào icon xóa Thuộc tính Thuộc tính Thuộc tính sản phẩm 2. Bấm vào nút “Xác nhận” | E296: Hệ thống xóa Thuộc tính Thuộc tính Thuộc tính sản phẩm thành công, dữ liệu không còn hiển thị trong danh sách Thuộc tính Thuộc tính Thuộc tính sản phẩm
...

Sheet PhanLoaiSanPham
D1: KỊCH BẢN KIỂM THỬ *
D2: Tên màn hình/Tên chức năng | E2: Phân loại sản phẩm
D3: Mã trường hợp kiểm thử | E3: PLSP
D4: Số trường hợp kiểm thử đạt (P) | E4: 0
D5: Số trường hợp kiểm thử không đạt (F) | E5: 0
D6: Số trường hợp kiểm thử đang xem xét (PE) | E6: 0
D7: Số trường hợp kiểm thử chưa thực hiện | E7: 159
D8: Tổng số trường hợp kiểm thử | E8: 159
D9: Quay lại trang Tổng hợp
A10: Mã trường hợp kiểm thử | B10: Mục đích kiểm thử | C10: Dữ liệu kiểm thử | D10: Các bước thực hiện | E10: Kết quả mong muốn | F10: Chrome | I10: <Firefox> | L10: <Edge> | O10: <Tên trình duyệt 4> | R10: Kết quả hiện tại | S10: Mã lỗi | T10: Ghi chú
F11: Lần 1 | G11: Lần 2 | H11: Lần 3 | I11: Lần 1 | J11: Lần 2 | K11: Lần 3 | L11: Lần 1 | M11: Lần 2 | N11: Lần 3 | O11: Lần 1 | P11: Lần 2 | Q11: Lần 3
B12: Chức năng : Danh mục sản phẩm
B13: Tiền điều kiện: Bước 1: Đăng nhập vào hệ thống Bước 2: Chọn modul thông tin chung Bước 3: Chọn "Quản lý Danh mục sản phẩm" Bước 4: Chọn "Phân loại sản phẩm"
B14: Màn hình: Danh sách Danh mục sản phẩm
A15: =BanThanhPhamNoiBo!A16 -> BTPNB001 | B15: - Kiểm tra title “Phân loại sản phẩm” hiển thị đúng theo thiết kế | E15: Hiển thị đúng giao diện và vị trí theo thiết kế
A16: =IF(E16<>"",$E$3&"00"&COUNTA($E$15:E16),"") -> PLSP002 | B16: - Kiểm tra vị trí các trường filter hiển thị đúng layout | E16: Hiển thị đúng giao diện và vị trí theo thiết kế
A17: =IF(E17<>"",$E$3&"00"&COUNTA($E$15:E17),"") -> PLSP003 | B17: - Kiểm tra font chữ, kích thước chữ của label, button, table header đúng thiết kế - Kiểm tra màu chữ đúng theo trạng thái | E17: Hiển thị đúng giao diện và vị trí theo thiết kế
A18: =IF(E18<>"",$E$3&"00"&COUNTA($E$15:E18),"") -> PLSP004 | B18: Kiểm tra format của các Item (Date, Decimal, …) trên màn hình so với các tài liệu thiết kế Figma | E18: Hiển thị đúng giao diện và vị trí theo thiết kế
A19: =IF(E19<>"",$E$3&"00"&COUNTA($E$15:E19),"") -> PLSP005 | B19: Kiểm tra đúng loại control: - Textbox: Mã Danh mục sản phẩm, Tên Danh mục sản phẩm | E19: Hiển thị đúng giao diện và vị trí theo thiết kế
A20: =IF(E20<>"",$E$3&"00"&COUNTA($E$15:E20),"") -> PLSP006 | B20: Kiểm tra hiển thị đúng các cột: - Mã Danh mục sản phẩm - Tên Danh mục sản phẩm - Hành động | E20: Hiển thị đúng giao diện và vị trí theo thiết kế
A21: =IF(E21<>"",$E$3&"00"&COUNTA($E$15:E21),"") | B21: Tìm kiếm theo Mã Danh mục sản phẩm
A22: =IF(E22<>"",$E$3&"00"&COUNTA($E$15:E22),"") -> PLSP007 | B22: Kiểm tra tìm kiếm Danh mục sản phẩm thành công theo mã Danh mục sản phẩm đầy đủ | D22: 1.Bấm vào thanh tìm kiếm "Mã Danh mục sản phẩm" 2. Nhập Mã Danh mục sản phẩm vào thanh tìm kiếm 3. Nhấn Enter | E22: Hệ thống hiển thị đúng Danh mục sản phẩm có mã như đã tìm kiếm
A23: =IF(E23<>"",$E$3&"00"&COUNTA($E$15:E23),"") -> PLSP008 | B23: Kiểm tra tìm kiếm thành công theo mã Danh mục sản phẩm không đầy đủ | D23: 1.Bấm vào thanh tìm kiếm "Mã Danh mục sản phẩm" 2. Nhập Mã Danh mục sản phẩm vào thanh tìm kiếm | E23: Hệ thống hiển thị các Danh mục sản phẩm chứa giá trị tìm kiếm theo rule hệ thống
A24: =IF(E24<>"",$E$3&"00"&COUNTA($E$15:E24),"") -> PLSP009 | B24: Kiểm tra tìm kiếm thành công khi có khoảng trắng ở đầu và cuối dữ liệu tìm kiếm | D24: 1.Bấm vào thanh tìm kiếm "Mã Danh mục sản phẩm" 2. Nhập Mã Danh mục sản phẩm vào thanh tìm kiếm | E24: Hệ thống tự động loại bỏ khoảng trắng dư thừa và hiển thị đúng kết quả tìm kiếm
A25: =IF(E25<>"",$E$3&"0"&COUNTA($E$15:E25),"") -> PLSP010 | B25: Kiểm tra tìm kiếm thành công theo Mã Danh mục sản phẩm khi không tồn tại mã Danh mục sản phẩm | D25: 1.Bấm vào thanh tìm kiếm "Mã Danh mục sản phẩm" 2. Nhập mã Danh mục sản phẩm không tồn tại | E25: Hệ thống hiển thị trạng thái “Không có dữ liệu”
A26: =IF(E26<>"",$E$3&"0"&COUNTA($E$15:E26),"") -> PLSP011 | B26: Kiểm tra xóa thành công dữ liệu tìm kiếm | D26: 1.Bấm vào thanh tìm kiếm "Mã Danh mục sản phẩm" 2. Nhập Mã Danh mục sản phẩm vào thanh tìm kiếm | E26: Hệ thống xóa dữ liệu tìm kiếm và hiển thị lại danh sách mặc định
A27: =IF(E27<>"",$E$3&"0"&COUNTA($E$15:E27),"") | B27: Tìm kiếm theo Tên Danh mục sản phẩm
A28: =IF(E28<>"",$E$3&"0"&COUNTA($E$15:E28),"") -> PLSP012 | B28: Kiểm tra tìm kiếm Danh mục sản phẩm thành công theo Tên Danh mục sản phẩm đầy đủ | D28: 1.Bấm vào thanh tìm kiếm "Tìm kiếm theo Tên Danh mục sản phẩm " 2. Nhập Tên Danh mục sản phẩm vào thanh tìm kiếm | E28: Hệ thống hiển thị đúng Danh mục sản phẩm có mã như đã tìm kiếm
A29: =IF(E29<>"",$E$3&"0"&COUNTA($E$15:E29),"") -> PLSP013 | B29: Kiểm tra tìm kiếm thành công theo Tên Danh mục sản phẩm không đầy đủ | D29: 1.Bấm vào thanh tìm kiếm "Tìm kiếm theo Tên Danh mục sản phẩm " 2. Nhập Tên Danh mục sản phẩm vào thanh tìm kiếm | E29: Hệ thống hiển thị các Danh mục sản phẩm chứa giá trị tìm kiếm theo rule hệ thống
A30: =IF(E30<>"",$E$3&"0"&COUNTA($E$15:E30),"") -> PLSP014 | B30: Kiểm tra tìm kiếm thành công theo Tên Danh mục sản phẩm khi có khoảng trắng ở đầu và cuối dữ liệu tìm kiếm | D30: 1.Bấm vào thanh tìm kiếm "Tìm kiếm theo Tên Danh mục sản phẩm " 2. Nhập Tên Danh mục sản phẩm vào thanh tìm kiếm | E30: Hệ thống tự động loại bỏ khoảng trắng dư thừa và hiển thị đúng kết quả tìm kiếm
A31: =IF(E31<>"",$E$3&"0"&COUNTA($E$15:E31),"") -> PLSP015 | B31: Kiểm tra tìm kiếm thành công theo Mã Danh mục sản phẩm khi không tồn tại mã Danh mục sản phẩm | D31: 1.Bấm vào thanh tìm kiếm "Tìm kiếm theo Tên Danh mục sản phẩm " 2. Nhập Tên Danh mục sản phẩm vào thanh tìm kiếm | E31: Hệ thống hiển thị trạng thái “Không có dữ liệu”
A32: =IF(E32<>"",$E$3&"0"&COUNTA($E$15:E32),"") -> PLSP016 | B32: Kiểm tra xóa thành công dữ liệu tìm kiếm | D32: 1.Bấm vào thanh tìm kiếm "Tìm kiếm theo Tên Danh mục sản phẩm " 2. Nhập Tên Danh mục sản phẩm vào thanh tìm kiếm | E32: Hệ thống xóa dữ liệu tìm kiếm và hiển thị lại danh sách mặc định
A33: =IF(E33<>"",$E$3&"0"&COUNTA($E$15:E33),"") | B33: Xuất file
A34: =IF(E34<>"",$E$3&"0"&COUNTA($E$15:E34),"") -> PLSP017 | B34: Kiểm tra xuất file thành công | D34: 1. Bấm chọn nút xuất file | E34: Hệ thống xuất file thành công và tải file về máy người dùng
A35: =IF(E35<>"",$E$3&"0"&COUNTA($E$15:E35),"") -> PLSP018 | B35: Kiểm tra dữ liệu hiển thị trong file export | D35: 1. Bấm chọn nút xuất file 2. Export file 3. Mở file đã tải | E35: Dữ liệu trong file hiển thị đầy đủ và chính xác theo dữ liệu trên hệ thống
A36: =IF(E36<>"",$E$3&"0"&COUNTA($E$15:E36),"") -> PLSP019 | B36: Kiểm tra export dữ liệu hiển thị đúng theo điều kiện tìm kiếm | D36: 1. Tìm kiếm theo điều kiện tìm kiếm 2. Bấm chọn nút xuất file 3. Export file 4. Mở file đã tải | E36: File export chỉ chứa dữ liệu theo điều kiện đã tìm kiếm
A37: =IF(E37<>"",$E$3&"0"&COUNTA($E$15:E37),"") -> PLSP020 | B37: Kiểm tra export không thành công khi không có dữ liệu | D37: 1. Bấm chọn nút "Xuất file" | E37: Hệ thống hiển thị thông báo "Không có dữ liệu để export" và Hệ thống xuất file không thành công và không tải file về máy người dùng
A38: =IF(E38<>"",$E$3&"0"&COUNTA($E$15:E38),"") | B38: Nhập file
A39: =IF(E39<>"",$E$3&"0"&COUNTA($E$15:E39),"") -> PLSP021 | B39: Kiểm tra hiển thị cửa sổ “Nhập file” | D39: 1. Bấm chọn nút "Nhập file" | E39: Hệ thống hiển thị cửa sổ nhập file đầy đủ các thành phần theo thiết kế
A40: =IF(E40<>"",$E$3&"0"&COUNTA($E$15:E40),"") -> PLSP022 | B40: Kiểm tra chức năng tải mẫu file nhập thành công | D40: 1. Bấm chọn nút "Nhập file" 2. Bấm chọn tải mẫu file "tại đây" | E40: Hệ thống tải xuống đúng file mẫu import
A41: =IF(E41<>"",$E$3&"0"&COUNTA($E$15:E41),"") -> PLSP023 | B41: Kiểm tra upload file hợp lệ thành công | D41: 1. Bấm chọn nút "Nhập file" 2. Bấm vào vùng upload file 3. Chọn file upload | E41: Hệ thống import dữ liệu thành công và hiển thị thông báo đã import dữ liệu. Dữ liệu được lưu đúng trong cơ sở dữ liệu và hiển thị chính xác trên danh sách Danh mục sản phẩm
A42: =IF(E42<>"",$E$3&"0"&COUNTA($E$15:E42),"") -> PLSP024 | B42: Kiểm tra kéo thả file hợp lệ vào vùng upload thành công | D42: 1. Bấm chọn nút "Nhập file" 2. Kéo thả file vào vùng upload | E42: Hệ thống import dữ liệu thành công và hiển thị thông báo đã import dữ liệu. Dữ liệu được lưu đúng trong cơ sở dữ liệu và hiển thị chính xác trên danh sách Danh mục sản phẩm
A43: =IF(E43<>"",$E$3&"0"&COUNTA($E$15:E43),"") -> PLSP025 | B43: Kiểm tra xóa thành công file đã upload bằng icon thùng rác | D43: 1. Bấm chọn nút "Nhập file" 2. Upload file 3. Bấm chọn icon thùng rác | E43: Hệ thống xóa file đã upload ra khỏi giao diện
A44: =IF(E44<>"",$E$3&"0"&COUNTA($E$15:E44),"") -> PLSP026 | B44: Kiểm tra trạng thái nút "xác nhận" khi chưa chọn file: hiển thị ở dạng không thể tương tác. | D44: 1. Bấm chọn nút "Nhập file" 3. Bấm chọn "Xác nhận" | E44: Không thể bấm vào "Xác nhận". Nút "Xác nhận" hiển thị ở dạng không thể tương tác.
A45: =IF(E45<>"",$E$3&"0"&COUNTA($E$15:E45),"") -> PLSP027 | B45: Kiểm tra luồng nhập file không thành công khi nhấn nút “Hủy” | D45: 1. Bấm chọn nút "Nhập file" 2. Upload file 3. Bấm chọn "Hủy" | E45: Hệ thống đóng cửa sổ nhập file, không thực hiện import dữ liệu và không tạo mới dữ liệu trong hệ thống
A46: =IF(E46<>"",$E$3&"0"&COUNTA($E$15:E46),"") | B46: Thêm mới Danh mục sản phẩm
A47: =IF(E47<>"",$E$3&"0"&COUNTA($E$15:E47),"") -> PLSP028 | B47: - Kiểm tra font chữ, kích thước chữ của label, button, table header đúng thiết kế - Kiểm tra màu chữ đúng theo trạng thái | D47: 1. Truy cập màn hình "Thêm mới Danh mục sản phẩm" | E47: Hiển thị đúng giao diện và vị trí theo thiết kế
A48: =IF(E48<>"",$E$3&"0"&COUNTA($E$15:E48),"") -> PLSP029 | B48: Kiểm tra format của các Item trên màn hình so với các tài liệu thiết kế | D48: 1. Truy cập màn hình "Thêm mới Danh mục sản phẩm" | E48: Hiển thị đúng giao diện và vị trí theo thiết kế
A49: =IF(E49<>"",$E$3&"0"&COUNTA($E$15:E49),"") -> PLSP030 | B49: Các trường hiển thị đúng loại control theo thiết kế: - Textbox: Mã Danh mục sản phẩm, Tên Danh mục sản phẩm | D49: 1. Truy cập màn hình "Thêm mới Danh mục sản phẩm" | E49: Hiển thị đúng giao diện và vị trí theo thiết kế
A50: =IF(E50<>"",$E$3&"0"&COUNTA($E$15:E50),"") -> PLSP031 | B50: Kiểm tra hiển thị trường “Mã Danh mục sản phẩm” trong màn hình Thêm mới Danh mục sản phẩm khi hệ thống tự động sinh mã theo đúng format cấu hình | D50: 1. Truy cập màn hình Thêm mới Danh mục sản phẩm | E50: Hệ thống tự động sinh mã Danh mục sản phẩm đúng theo format đã cấu hình
A51: =IF(E51<>"",$E$3&"0"&COUNTA($E$15:E51),"") -> PLSP032 | B51: Kiểm tra hiển thị trường “Mã Danh mục sản phẩm” trong màn hình Thêm mới Danh mục sản phẩm khi hệ thống tự động sinh mã tăng tuần tự | D51: 1. Truy cập màn hình Thêm mới Danh mục sản phẩm | E51: Hệ thống tự động sinh mã tiếp theo là PRODUCT-1727
A52: =IF(E52<>"",$E$3&"0"&COUNTA($E$15:E52),"") -> PLSP033 | B52: Kiểm tra hiển thị trường “Mã Danh mục sản phẩm” trong màn hình Thêm mới Danh mục sản phẩm khi hệ thống tự động sinh mã không bị trùng với dữ liệu đã tồn tại | D52: 1. Truy cập màn hình Thêm mới Danh mục sản phẩm nhiều lần 2. Thực hiện lưu dữ liệu | E52: Hệ thống sinh mã Danh mục sản phẩm duy nhất, không trùng với dữ liệu đã tồn tại trong cơ sở dữ liệu
A53: =IF(E53<>"",$E$3&"0"&COUNTA($E$15:E53),"") -> PLSP034 | B53: Kiểm tra hiển thị trường “Mã Danh mục sản phẩm” trong màn hình Thêm mới Danh mục sản phẩm khi người dùng thực hiện chỉnh sửa mã được sinh tự động | D53: 1. Truy cập màn hình Thêm mới Danh mục sản phẩm 2. Chỉnh sửa trường “Mã Danh mục sản phẩm” | E53: Trường “Mã Danh mục sản phẩm” ở trạng thái readonly và không cho phép chỉnh sửa
A54: =IF(E54<>"",$E$3&"0"&COUNTA($E$15:E54),"") -> PLSP035 | B54: Kiểm tra hiển thị trường “Mã Danh mục sản phẩm” trong màn hình Thêm mới Danh mục sản phẩm khi thực hiện lưu dữ liệu với mã Danh mục sản phẩm được tự động sinh | D54: 1. Truy cập màn hình Thêm mới Danh mục sản phẩm 2. Nhập đầy đủ dữ liệu hợp lệ 3. Bấm vào Lưu | E54: Hệ thống lưu dữ liệu thành công, tạo mới một bản ghi trong cơ sở dữ liệu với mã Danh mục sản phẩm được sinh tự động và hiển thị đúng trong danh sách Danh mục sản phẩm
A55: =IF(E55<>"",$E$3&"0"&COUNTA($E$15:E55),"") -> PLSP036 | B55: Kiểm tra hiển thị trường “Mã Danh mục sản phẩm” trong màn hình Thêm mới Danh mục sản phẩm khi người dùng hủy thao tác tạo mới sau khi hệ thống đã sinh mã Danh mục sản phẩm | D55: 1. Truy cập màn hình Thêm mới Danh mục sản phẩm 2. Không lưu dữ liệu 3. Quay lại màn danh sách 4. Mở lại màn Thêm mới Danh mục sản phẩm | E55: Hệ thống giữ nguyên mã Danh mục sản phẩm đã được sinh tự động trước đó khi người dùng hủy thao tác tạo mới và truy cập lại màn hình Thêm mới Danh mục sản phẩm.
A56: =IF(E56<>"",$E$3&"0"&COUNTA($E$15:E56),"") -> PLSP037 | B56: Kiểm tra hiển thị dữ liệu tại trường “Tên Danh mục sản phẩm”trong màn hình Thêm mới Danh mục sản phẩm khi để trống dữ liệu | D56: 1. Truy cập màn hình Thêm mới Danh mục sản phẩm 2. Để trống trường “Danh mục sản phẩm” 3. Bấm vào nút Lưu | E56: Hệ thống hiển thị thông báo bắt buộc nhập trường “Danh mục sản phẩm” và không cho phép lưu
A57: =IF(E57<>"",$E$3&"0"&COUNTA($E$15:E57),"") -> PLSP038 | B57: Kiểm tra hiển thị trường “Tên Danh mục sản phẩm” trong màn hình Thêm mới Danh mục sản phẩm khi nhập số ký tự nhỏ hơn độ dài tối thiểu | C57: A | D57: 1. Truy cập màn hình Thêm mới Danh mục sản phẩm 2. Nhập dữ liệu kiểm thử 3. Bấm vào Lưu | E57: Hiển thị thông báo dữ liệu không đạt độ dài tối thiểu
A58: =IF(E58<>"",$E$3&"0"&COUNTA($E$15:E58),"") -> PLSP039 | B58: Kiểm tra hiển trường “Tên Danh mục sản phẩm” trong màn hình Thêm mới Danh mục sản phẩm khi nhập số ký tự vượt quá độ dài tối đa | C58: Chuỗi vượt quá giới hạn cho phép 155 ký tự | D58: 1. Truy cập màn hình Thêm mới Danh mục sản phẩm 2. Nhập dữ liệu kiểm thử 3. Bấm vào Lưu | E58: Hiển thị thông báo vượt quá số ký tự cho phép và không cho nhập thêm
A59: =IF(E59<>"",$E$3&"0"&COUNTA($E$15:E59),"") -> PLSP040 | B59: Kiểm tra hiển thị trường “Tên Danh mục sản phẩm” trong màn hình Thêm mới Danh mục sản phẩm khi nhập dữ liệu có chứa khoảng trắng ở đầu và cuối | D59: 1. Truy cập màn hình Thêm mới Danh mục sản phẩm 2. Nhập dữ liệu kiểm thử 3. Bấm vào Lưu | E59: Hệ thống tự động cắt khoảng trắng và lưu dưới định dạng mong muốn
A60: =IF(E60<>"",$E$3&"0"&COUNTA($E$15:E60),"") -> PLSP041 | B60: Kiểm tra hiển thị trường “Tên Danh mục sản phẩm” trong màn hình Thêm mới Danh mục sản phẩm khi nhập dữ liệu trùng với tên Danh mục sản phẩm đã tồn tại trong hệ thống | D60: 1. Truy cập màn hình Thêm mới Danh mục sản phẩm 2. Nhập dữ liệu kiểm thử 3. Bấm vào Lưu | E60: Hiển thị thông báo tên Danh mục sản phẩm đã tồn tại và không cho lưu
A61: =IF(E61<>"",$E$3&"0"&COUNTA($E$15:E61),"") -> PLSP042 | B61: Kiểm tra hiển thị trường “Tên Danh mục sản phẩm” trong màn hình Thêm mới Danh mục sản phẩm khi nhập dữ liệu hợp lệ và thực hiện lưu thành công | D61: 1. Truy cập màn hình Thêm mới Danh mục sản phẩm 2. Nhập dữ liệu kiểm thử 3. Bấm vào Lưu | E61: Hệ thống thực hiện lưu dữ liệu thành công. Tạo mới một bản ghi Danh mục sản phẩm trong cơ sở dữ liệu với thông tin đúng theo dữ liệu đã nhập. Hiển thị bản ghi vừa tạo trong danh sách Danh mục sản phẩm.
A62: =IF(E62<>"",$E$3&"0"&COUNTA($E$15:E62),"") | B62: Sửa Danh mục sản phẩm
A63: =IF(E63<>"",$E$3&"0"&COUNTA($E$15:E63),"") -> PLSP043 | B63: - Kiểm tra font chữ, kích thước chữ của label, button, table header đúng thiết kế - Kiểm tra màu chữ đúng theo trạng thái | D63: 1. Truy cập màn hình "Thêm mới Danh mục sản phẩm" | E63: Hiển thị đúng giao diện và vị trí theo thiết kế
A64: =IF(E64<>"",$E$3&"0"&COUNTA($E$15:E64),"") -> PLSP044 | B64: Kiểm tra format của các Item trên màn hình so với các tài liệu thiết kế | D64: 1. Truy cập màn hình "Thêm mới Danh mục sản phẩm" | E64: Hiển thị đúng giao diện và vị trí theo thiết kế
A65: =IF(E65<>"",$E$3&"0"&COUNTA($E$15:E65),"") -> PLSP045 | B65: Các trường hiển thị đúng loại control theo thiết kế: - Textbox: Mã Danh mục sản phẩm, Tên Danh mục sản phẩm | D65: 1. Truy cập màn hình "Thêm mới Danh mục sản phẩm" | E65: Hiển thị đúng giao diện và vị trí theo thiết kế
A66: =IF(E66<>"",$E$3&"0"&COUNTA($E$15:E66),"") -> PLSP046 | B66: Kiểm tra hiển thị trường “Mã Danh mục sản phẩm” trong màn hình Thêm mới Danh mục sản phẩm khi hệ thống tự động sinh mã theo đúng format cấu hình | D66: 1. Truy cập màn hình Thêm mới Danh mục sản phẩm | E66: Hệ thống tự động sinh mã Danh mục sản phẩm đúng theo format đã cấu hình
A67: =IF(E67<>"",$E$3&"0"&COUNTA($E$15:E67),"") -> PLSP047 | B67: Kiểm tra hiển thị trường “Mã Danh mục sản phẩm” trong màn hình Thêm mới Danh mục sản phẩm khi hệ thống tự động sinh mã tăng tuần tự | D67: 1. Truy cập màn hình Thêm mới Danh mục sản phẩm | E67: Hệ thống tự động sinh mã tiếp theo
A68: =IF(E68<>"",$E$3&"0"&COUNTA($E$15:E68),"") -> PLSP048 | B68: Kiểm tra hiển thị trường “Mã Danh mục sản phẩm” trong màn hình Thêm mới Danh mục sản phẩm khi hệ thống tự động sinh mã không bị trùng với dữ liệu đã tồn tại | D68: 1. Truy cập màn hình Thêm mới Danh mục sản phẩm nhiều lần 2. Thực hiện lưu dữ liệu | E68: Hệ thống sinh mã Danh mục sản phẩm duy nhất, không trùng với dữ liệu đã tồn tại trong cơ sở dữ liệu
A69: =IF(E69<>"",$E$3&"0"&COUNTA($E$15:E69),"") -> PLSP049 | B69: Kiểm tra hiển thị trường “Mã Danh mục sản phẩm” trong màn hình Thêm mới Danh mục sản phẩm khi người dùng thực hiện chỉnh sửa mã được sinh tự động | D69: 1. Truy cập màn hình Thêm mới Danh mục sản phẩm 2. Chỉnh sửa trường “Mã Danh mục sản phẩm” | E69: Trường “Mã Danh mục sản phẩm” ở trạng thái readonly và không cho phép chỉnh sửa
A70: =IF(E70<>"",$E$3&"0"&COUNTA($E$15:E70),"") -> PLSP050 | B70: Kiểm tra hiển thị trường “Mã Danh mục sản phẩm” trong màn hình Thêm mới Danh mục sản phẩm khi thực hiện lưu dữ liệu với mã Danh mục sản phẩm được tự động sinh | D70: 1. Truy cập màn hình Thêm mới Danh mục sản phẩm 2. Nhập đầy đủ dữ liệu hợp lệ 3. Bấm vào Lưu | E70: Hệ thống lưu dữ liệu thành công, tạo mới một bản ghi trong cơ sở dữ liệu với mã Danh mục sản phẩm được sinh tự động và hiển thị đúng trong danh sách Danh mục sản phẩm
A71: =IF(E71<>"",$E$3&"0"&COUNTA($E$15:E71),"") -> PLSP051 | B71: Kiểm tra hiển thị trường “Mã Danh mục sản phẩm” trong màn hình Thêm mới Danh mục sản phẩm khi người dùng hủy thao tác tạo mới sau khi hệ thống đã sinh mã Danh mục sản phẩm | D71: 1. Truy cập màn hình Thêm mới Danh mục sản phẩm 2. Không lưu dữ liệu 3. Quay lại màn danh sách 4. Mở lại màn Thêm mới Danh mục sản phẩm | E71: Hệ thống giữ nguyên mã Danh mục sản phẩm đã được sinh tự động trước đó khi người dùng hủy thao tác tạo mới và truy cập lại màn hình Thêm mới Danh mục sản phẩm.
A72: =IF(E72<>"",$E$3&"0"&COUNTA($E$15:E72),"") -> PLSP052 | B72: Kiểm tra hiển thị dữ liệu tại trường “Tên Danh mục sản phẩm”trong màn hình Thêm mới Danh mục sản phẩm khi để trống dữ liệu | D72: 1. Truy cập màn hình Thêm mới Danh mục sản phẩm 2. Để trống trường “Danh mục sản phẩm” 3. Bấm vào nút Lưu | E72: Hệ thống hiển thị thông báo bắt buộc nhập trường “Danh mục sản phẩm” và không cho phép lưu
A73: =IF(E73<>"",$E$3&"0"&COUNTA($E$15:E73),"") -> PLSP053 | B73: Kiểm tra hiển thị trường “Tên Danh mục sản phẩm” trong màn hình Thêm mới Danh mục sản phẩm khi nhập số ký tự nhỏ hơn độ dài tối thiểu | C73: A | D73: 1. Truy cập màn hình Thêm mới Danh mục sản phẩm 2. Nhập dữ liệu kiểm thử 3. Bấm vào Lưu | E73: Hiển thị thông báo dữ liệu không đạt độ dài tối thiểu
A74: =IF(E74<>"",$E$3&"0"&COUNTA($E$15:E74),"") -> PLSP054 | B74: Kiểm tra hiển trường “Tên Danh mục sản phẩm” trong màn hình Thêm mới Danh mục sản phẩm khi nhập số ký tự vượt quá độ dài tối đa | C74: Chuỗi vượt quá giới hạn cho phép 155 ký tự | D74: 1. Truy cập màn hình Thêm mới Danh mục sản phẩm 2. Nhập dữ liệu kiểm thử 3. Bấm vào Lưu | E74: Hiển thị thông báo vượt quá số ký tự cho phép và không cho nhập thêm
A75: =IF(E75<>"",$E$3&"0"&COUNTA($E$15:E75),"") -> PLSP055 | B75: Kiểm tra hiển thị trường “Tên Danh mục sản phẩm” trong màn hình Thêm mới Danh mục sản phẩm khi nhập dữ liệu có chứa khoảng trắng ở đầu và cuối | D75: 1. Truy cập màn hình Thêm mới Danh mục sản phẩm 2. Nhập dữ liệu kiểm thử 3. Bấm vào Lưu | E75: Hệ thống tự động cắt khoảng trắng và lưu dưới định dạng mong muốn
A76: =IF(E76<>"",$E$3&"0"&COUNTA($E$15:E76),"") -> PLSP056 | B76: Kiểm tra hiển thị trường “Tên Danh mục sản phẩm” trong màn hình Thêm mới Danh mục sản phẩm khi nhập dữ liệu trùng với tên Danh mục sản phẩm đã tồn tại trong hệ thống | D76: 1. Truy cập màn hình Thêm mới Danh mục sản phẩm 2. Nhập dữ liệu kiểm thử 3. Bấm vào Lưu | E76: Hiển thị thông báo tên Danh mục sản phẩm đã tồn tại và không cho lưu
A77: =IF(E77<>"",$E$3&"0"&COUNTA($E$15:E77),"") -> PLSP057 | B77: Kiểm tra hiển thị trường “Tên Danh mục sản phẩm” trong màn hình Thêm mới Danh mục sản phẩm khi nhập dữ liệu hợp lệ và thực hiện lưu thành công | D77: 1. Truy cập màn hình Thêm mới Danh mục sản phẩm 2. Nhập dữ liệu kiểm thử 3. Bấm vào Lưu | E77: Hệ thống thực hiện lưu dữ liệu thành công. Tạo mới một bản ghi Danh mục sản phẩm trong cơ sở dữ liệu với thông tin đúng theo dữ liệu đã nhập. Hiển thị bản ghi vừa tạo trong danh sách Danh mục sản phẩm.
A78: =IF(E78<>"",$E$3&"0"&COUNTA($E$15:E78),"") | B78: Sửa Danh mục sản phẩm | D78: Sửa
A79: =IF(E79<>"",$E$3&"0"&COUNTA($E$15:E79),"") -> PLSP058 | B79: =SUBSTITUTE(B63, "Thêm mới", $D$78) -> - Kiểm tra font chữ, kích thước chữ của label, button, table header đúng thiết kế - Kiểm tra màu chữ đúng theo trạng thái | C79: =SUBSTITUTE(C63, "Thêm mới", $D$78) | D79: =SUBSTITUTE(D63, "Thêm mới", $D$78) -> 1. Truy cập màn hình "Sửa Danh mục sản phẩm" | E79: =SUBSTITUTE(E63, "Thêm mới", $D$78) -> Hiển thị đúng giao diện và vị trí theo thiết kế
A80: =IF(E80<>"",$E$3&"0"&COUNTA($E$15:E80),"") -> PLSP059 | B80: =SUBSTITUTE(B64, "Thêm mới", $D$78) -> Kiểm tra format của các Item trên màn hình so với các tài liệu thiết kế | C80: =SUBSTITUTE(C64, "Thêm mới", $D$78) | D80: =SUBSTITUTE(D64, "Thêm mới", $D$78) -> 1. Truy cập màn hình "Sửa Danh mục sản phẩm" | E80: =SUBSTITUTE(E64, "Thêm mới", $D$78) -> Hiển thị đúng giao diện và vị trí theo thiết kế
A81: =IF(E81<>"",$E$3&"0"&COUNTA($E$15:E81),"") -> PLSP060 | B81: =SUBSTITUTE(B65, "Thêm mới", $D$78) -> Các trường hiển thị đúng loại control theo thiết kế: - Textbox: Mã Danh mục sản phẩm, Tên Danh mục sản phẩm | C81: =SUBSTITUTE(C65, "Thêm mới", $D$78) | D81: =SUBSTITUTE(D65, "Thêm mới", $D$78) -> 1. Truy cập màn hình "Sửa Danh mục sản phẩm" | E81: =SUBSTITUTE(E65, "Thêm mới", $D$78) -> Hiển thị đúng giao diện và vị trí theo thiết kế
A82: =IF(E82<>"",$E$3&"0"&COUNTA($E$15:E82),"") -> PLSP061 | B82: =SUBSTITUTE(B66, "Thêm mới", $D$78) -> Kiểm tra hiển thị trường “Mã Danh mục sản phẩm” trong màn hình Sửa Danh mục sản phẩm khi hệ thống tự động sinh mã theo đúng format cấu hình | C82: =SUBSTITUTE(C66, "Thêm mới", $D$78) | D82: =SUBSTITUTE(D66, "Thêm mới", $D$78) -> 1. Truy cập màn hình Sửa Danh mục sản phẩm | E82: =SUBSTITUTE(E66, "Thêm mới", $D$78) -> Hệ thống tự động sinh mã Danh mục sản phẩm đúng theo format đã cấu hình
A83: =IF(E83<>"",$E$3&"0"&COUNTA($E$15:E83),"") -> PLSP062 | B83: =SUBSTITUTE(B67, "Thêm mới", $D$78) -> Kiểm tra hiển thị trường “Mã Danh mục sản phẩm” trong màn hình Sửa Danh mục sản phẩm khi hệ thống tự động sinh mã tăng tuần tự | C83: =SUBSTITUTE(C67, "Thêm mới", $D$78) | D83: =SUBSTITUTE(D67, "Thêm mới", $D$78) -> 1. Truy cập màn hình Sửa Danh mục sản phẩm | E83: =SUBSTITUTE(E67, "Thêm mới", $D$78) -> Hệ thống tự động sinh mã tiếp theo
A84: =IF(E84<>"",$E$3&"0"&COUNTA($E$15:E84),"") -> PLSP063 | B84: =SUBSTITUTE(B68, "Thêm mới", $D$78) -> Kiểm tra hiển thị trường “Mã Danh mục sản phẩm” trong màn hình Sửa Danh mục sản phẩm khi hệ thống tự động sinh mã không bị trùng với dữ liệu đã tồn tại | C84: =SUBSTITUTE(C68, "Thêm mới", $D$78) | D84: =SUBSTITUTE(D68, "Thêm mới", $D$78) -> 1. Truy cập màn hình Sửa Danh mục sản phẩm nhiều lần 2. Thực hiện lưu dữ liệu | E84: =SUBSTITUTE(E68, "Thêm mới", $D$78) -> Hệ thống sinh mã Danh mục sản phẩm duy nhất, không trùng với dữ liệu đã tồn tại trong cơ sở dữ liệu
A85: =IF(E85<>"",$E$3&"0"&COUNTA($E$15:E85),"") -> PLSP064 | B85: =SUBSTITUTE(B69, "Thêm mới", $D$78) -> Kiểm tra hiển thị trường “Mã Danh mục sản phẩm” trong màn hình Sửa Danh mục sản phẩm khi người dùng thực hiện chỉnh sửa mã được sinh tự động | C85: =SUBSTITUTE(C69, "Thêm mới", $D$78) | D85: =SUBSTITUTE(D69, "Thêm mới", $D$78) -> 1. Truy cập màn hình Sửa Danh mục sản phẩm 2. Chỉnh sửa trường “Mã Danh mục sản phẩm” | E85: =SUBSTITUTE(E69, "Thêm mới", $D$78) -> Trường “Mã Danh mục sản phẩm” ở trạng thái readonly và không cho phép chỉnh sửa
A86: =IF(E86<>"",$E$3&"0"&COUNTA($E$15:E86),"") -> PLSP065 | B86: =SUBSTITUTE(B70, "Thêm mới", $D$78) -> Kiểm tra hiển thị trường “Mã Danh mục sản phẩm” trong màn hình Sửa Danh mục sản phẩm khi thực hiện lưu dữ liệu với mã Danh mục sản phẩm được tự động sinh | C86: =SUBSTITUTE(C70, "Thêm mới", $D$78) | D86: =SUBSTITUTE(D70, "Thêm mới", $D$78) -> 1. Truy cập màn hình Sửa Danh mục sản phẩm 2. Nhập đầy đủ dữ liệu hợp lệ 3. Bấm vào Lưu | E86: =SUBSTITUTE(E70, "Thêm mới", $D$78) -> Hệ thống lưu dữ liệu thành công, tạo mới một bản ghi trong cơ sở dữ liệu với mã Danh mục sản phẩm được sinh tự động và hiển thị đúng trong danh sách Danh mục sản phẩm
A87: =IF(E87<>"",$E$3&"0"&COUNTA($E$15:E87),"") -> PLSP066 | B87: =SUBSTITUTE(B71, "Thêm mới", $D$78) -> Kiểm tra hiển thị trường “Mã Danh mục sản phẩm” trong màn hình Sửa Danh mục sản phẩm khi người dùng hủy thao tác tạo mới sau khi hệ thống đã sinh mã Danh mục sản phẩm | C87: =SUBSTITUTE(C71, "Thêm mới", $D$78) | D87: =SUBSTITUTE(D71, "Thêm mới", $D$78) -> 1. Truy cập màn hình Sửa Danh mục sản phẩm 2. Không lưu dữ liệu 3. Quay lại màn danh sách 4. Mở lại màn Sửa Danh mục sản phẩm | E87: =SUBSTITUTE(E71, "Thêm mới", $D$78) -> Hệ thống giữ nguyên mã Danh mục sản phẩm đã được sinh tự động trước đó khi người dùng hủy thao tác tạo mới và truy cập lại màn hình Sửa Danh mục sản phẩm.
A88: =IF(E88<>"",$E$3&"0"&COUNTA($E$15:E88),"") -> PLSP067 | B88: =SUBSTITUTE(B72, "Thêm mới", $D$78) -> Kiểm tra hiển thị dữ liệu tại trường “Tên Danh mục sản phẩm”trong màn hình Sửa Danh mục sản phẩm khi để trống dữ liệu | C88: =SUBSTITUTE(C72, "Thêm mới", $D$78) | D88: =SUBSTITUTE(D72, "Thêm mới", $D$78) -> 1. Truy cập màn hình Sửa Danh mục sản phẩm 2. Để trống trường “Danh mục sản phẩm” 3. Bấm vào nút Lưu | E88: =SUBSTITUTE(E72, "Thêm mới", $D$78) -> Hệ thống hiển thị thông báo bắt buộc nhập trường “Danh mục sản phẩm” và không cho phép lưu
A89: =IF(E89<>"",$E$3&"0"&COUNTA($E$15:E89),"") -> PLSP068 | B89: =SUBSTITUTE(B73, "Thêm mới", $D$78) -> Kiểm tra hiển thị trường “Tên Danh mục sản phẩm” trong màn hình Sửa Danh mục sản phẩm khi nhập số ký tự nhỏ hơn độ dài tối thiểu | C89: =SUBSTITUTE(C73, "Thêm mới", $D$78) -> A | D89: =SUBSTITUTE(D73, "Thêm mới", $D$78) -> 1. Truy cập màn hình Sửa Danh mục sản phẩm 2. Nhập dữ liệu kiểm thử 3. Bấm vào Lưu | E89: =SUBSTITUTE(E73, "Thêm mới", $D$78) -> Hiển thị thông báo dữ liệu không đạt độ dài tối thiểu
A90: =IF(E90<>"",$E$3&"0"&COUNTA($E$15:E90),"") -> PLSP069 | B90: =SUBSTITUTE(B74, "Thêm mới", $D$78) -> Kiểm tra hiển trường “Tên Danh mục sản phẩm” trong màn hình Sửa Danh mục sản phẩm khi nhập số ký tự vượt quá độ dài tối đa | C90: =SUBSTITUTE(C74, "Thêm mới", $D$78) -> Chuỗi vượt quá giới hạn cho phép 155 ký tự | D90: =SUBSTITUTE(D74, "Thêm mới", $D$78) -> 1. Truy cập màn hình Sửa Danh mục sản phẩm 2. Nhập dữ liệu kiểm thử 3. Bấm vào Lưu | E90: =SUBSTITUTE(E74, "Thêm mới", $D$78) -> Hiển thị thông báo vượt quá số ký tự cho phép và không cho nhập thêm
... A93: =IF(E93<>"",$E$3&"0"&COUNTA($E$15:E93),"") -> PLSP072 | B93: =SUBSTITUTE(B77, "Thêm mới", $D$78) -> Kiểm tra hiển thị trường “Tên Danh mục sản phẩm” trong màn hình Sửa Danh mục sản phẩm khi nhập dữ liệu hợp lệ và thực hiện lưu thành công | C93: =SUBSTITUTE(C77, "Thêm mới", $D$78) | D93: =SUBSTITUTE(D77, "Thêm mới", $D$78) -> 1. Truy cập màn hình Sửa Danh mục sản phẩm 2. Nhập dữ liệu kiểm thử 3. Bấm vào Lưu | E93: =SUBSTITUTE(E77, "Thêm mới", $D$78) -> Hệ thống thực hiện lưu dữ liệu thành công. Tạo mới một bản ghi Danh mục sản phẩm trong cơ sở dữ liệu với thông tin đúng theo dữ liệu đã nhập. Hiển thị bản ghi vừa tạo trong danh sách Danh mục sản phẩm.
A94: =IF(E94<>"",$E$3&"0"&COUNTA($E$15:E94),"") -> PLSP073 | B94: Xóa Danh mục sản phẩm
A95: =IF(E95<>"",$E$3&"0"&COUNTA($E$15:E95),"") -> PLSP074 | B95: Kiểm tra hiển thị icon thùng rác xóa Danh mục sản phẩm | E95: Icon/button xóa hiển thị đúng giao diện và vị trí theo thiết kế
A96: =IF(E96<>"",$E$3&"0"&COUNTA($E$15:E96),"") -> PLSP075 | B96: Kiểm tra hiển thị Cửa sổ xác nhận xóa Danh mục sản phẩm khi bấm vào icon thùng rác xóa Danh mục sản phẩm | D96: 1. Bấm vào icon xóa Danh mục sản phẩm | E96: Hệ thống hiển thị Cửa sổ xác nhận xóa với đầy đủ nội dung: tiêu đề, thông báo, nút “Hủy”, nút “Xác nhận”
A97: =IF(E97<>"",$E$3&"0"&COUNTA($E$15:E97),"") -> PLSP076 | B97: Kiểm tra xóa Danh mục sản phẩm không thành công khi bấm vào "Hủy" | D97: 1. Bấm vào icon xóa 2. Bấm vào nút “Hủy” | E97: Hệ thống đóng Cửa sổ xác nhận xóa và không thực hiện xóa dữ liệu
A98: =IF(E98<>"",$E$3&"0"&COUNTA($E$15:E98),"") -> PLSP077 | B98: Kiểm tra xóa Danh mục sản phẩm thành công khi bấm vào "Xác nhận" | D98: 1. Bấm vào icon xóa Danh mục sản phẩm 2. Bấm vào nút “Xác nhận” | E98: Hệ thống xóa Danh mục sản phẩm thành công, dữ liệu không còn hiển thị trong danh sách Danh mục sản phẩm
A99: =IF(E99<>"",$E$3&"0"&COUNTA($E$15:E99),"") -> PLSP078 | B99: Kiểm tra xóa Danh mục sản phẩm không thành công khi bấm ra ngoài Cửa sổ xác nhận xóa | D99: 1. Bấm vào icon xóa 2. Bấm vào ra ngoài Cửa sổ | E99: Hệ thống đóng cửa sổ
A100: =IF(E100<>"",$E$3&"0"&COUNTA($E$15:E100),"")
B272: Kiểm tra hiển thị mặc định màn hình Chỉnh sửa khi bấm vào Mã Danh mục sản phẩm | D272: 1. Bấm vào mã Danh mục sản phẩm | E272: Điều hướng đến màn hình Chỉnh sửa, hiển thị đầy đủ các thành phần theo thiết kế
B273: Kiểm tra luồng chỉnh sửa không thành công khi bỏ trống tất cả các trường | D273: 1. Bấm vào mã Danh mục sản phẩm 2. Bỏ trống tất cả các trường 3. Bấm vào lưu | E273: Hệ thống hiển thị đầy đủ thông báo validation tại trường bắt buộc và không cho phép lưu dữ liệu
...

Sheet BanThanhPhamNoiBo
D1: KỊCH BẢN KIỂM THỬ *
D2: Tên màn hình/Tên chức năng | E2: Bán thành phẩm nội bộ
D3: Mã trường hợp kiểm thử | E3: BTPNB
D4: Số trường hợp kiểm thử đạt (P) | E4: 0
D5: Số trường hợp kiểm thử không đạt (F) | E5: 0
D6: Số trường hợp kiểm thử đang xem xét (PE) | E6: 0
D7: Số trường hợp kiểm thử chưa thực hiện | E7: 159
D9: Tổng số trường hợp kiểm thử | E9: 159
D10: Quay lại trang Tổng hợp
A11: Mã trường hợp kiểm thử | B11: Mục đích kiểm thử | C11: Dữ liệu kiểm thử | D11: Các bước thực hiện | E11: Kết quả mong muốn | F11: Chrome | I11: <Firefox> | L11: <Edge> | O11: <Tên trình duyệt 4> | R11: Kết quả hiện tại | S11: Mã lỗi | T11: Ghi chú
F12: Lần 1 | G12: Lần 2 | H12: Lần 3 | I12: Lần 1 | J12: Lần 2 | K12: Lần 3 | L12: Lần 1 | M12: Lần 2 | N12: Lần 3 | O12: Lần 1 | P12: Lần 2 | Q12: Lần 3
B13: Chức năng : Bán thành phẩm nội bộ
B14: Tiền điều kiện: Bước 1: Đăng nhập vào hệ thống Bước 2: Chọn modul thông tin chung Bước 3: Chọn "Quản lý sản phẩm" Bước 4: Chọn "Bán thành phẩm nội bộ"
B15: Màn hình: Danh sách Bán thành phẩm nội bộ
A16: =IF(E16<>"",$E$3&"00"&COUNTA($E$16:E16),"") -> BTPNB001 | B16: - Kiểm tra title “Bán thành phẩm nội bộ” hiển thị đúng theo thiết kế | E16: Hiển thị đúng giao diện và vị trí theo thiết kế
A17: =IF(E17<>"",$E$3&"00"&COUNTA($E$16:E17),"") -> BTPNB002 | B17: - Kiểm tra vị trí các trường filter hiển thị đúng layout | E17: Hiển thị đúng giao diện và vị trí theo thiết kế
A18: =IF(E18<>"",$E$3&"00"&COUNTA($E$16:E18),"") -> BTPNB003 | B18: - Kiểm tra font chữ, kích thước chữ của label, button, table header đúng thiết kế - Kiểm tra màu chữ đúng theo trạng thái | E18: Hiển thị đúng giao diện và vị trí theo thiết kế
A19: =IF(E19<>"",$E$3&"00"&COUNTA($E$16:E19),"") -> BTPNB004 | B19: Kiểm tra format của các Item (Date, Decimal, …) trên màn hình so với các tài liệu thiết kế Figma | E19: Hiển thị đúng giao diện và vị trí theo thiết kế
A20: =IF(E20<>"",$E$3&"00"&COUNTA($E$16:E20),"") -> BTPNB005 | B20: Kiểm tra đúng loại control: - Dropdown: Đơn vị sản xuất, Loại Bán thành phẩm nội bộ - Textbox: Mã Bán thành phẩm nội bộ, Tên Bán thành phẩm nội bộ | E20: Hiển thị đúng giao diện và vị trí theo thiết kế
A21: =IF(E21<>"",$E$3&"00"&COUNTA($E$16:E21),"") -> BTPNB006 | B21: Kiểm tra hiển thị đúng các cột: - Mã Bán thành phẩm nội bộ - Tên Bán thành phẩm nội bộ - Trạng thái - Yêu cầu kiểm tra Yêu cầu kiểm tra Yêu cầu kiểm tra PQC - Mô tả Bán thành phẩm nội bộ - Hành động | E21: Hiển thị đúng giao diện và vị trí theo thiết kế
A22: =IF(E22<>"",$E$3&"00"&COUNTA($E$16:E22),"") | B22: Tìm kiếm theo Đơn vị sản xuất
A23: =IF(E23<>"",$E$3&"00"&COUNTA($E$16:E23),"") -> BTPNB007 | B23: Kiểm tra hiển thị dropdown “Đơn vị sản xuất” trong màn hình Danh sách Bán thành phẩm nội bộ khi hệ thống tải đầy đủ dữ liệu | D23: 1. Bấm vào thanh tìm kiếm "Đơn vị sản xuất" | E23: Hệ thống hiển thị đầy đủ danh sách đơn vị sản xuất theo dữ liệu cấu hình
A24: =IF(E24<>"",$E$3&"00"&COUNTA($E$16:E24),"") -> BTPNB008 | B24: Kiểm tra chọn một đơn vị sản xuất từ dropdown trong màn hình Danh sách Bán thành phẩm nội bộ | D24: 1. Bấm vào dropdown “Đơn vị sản xuất” 2. Chọn đơn vị sản xuất | E24: Hệ thống hiển thị đúng các Bán thành phẩm nội bộ thuộc đơn vị sản xuất đã chọn
A25: =IF(E25<>"",$E$3&"00"&COUNTA($E$16:E25),"") -> BTPNB009 | B25: Kiểm tra chọn nhiều đơn vị sản xuất từ dropdown trong màn hình Danh sách Bán thành phẩm nội bộ' | D25: 1. Bấm vào dropdown “Đơn vị sản xuất” 2. Chọn nhiều đơn vị sản xuất | E25: Hệ thống không cho phép chọn nhiều đơn vị sản xuất
A26: =IF(E26<>"",$E$3&"00"&COUNTA($E$16:E26),"") -> BTPNB0010 | B26: Kiểm tra thay đổi đơn vị sản xuất đã chọn trong màn hình Danh sách Bán thành phẩm nội bộ | D26: 1. Bấm vào dropdown “Đơn vị sản xuất” 2. Chọn Đơn vị sản xuất 3. Chọn lại Đơn vị sản xuất khác | E26: Hệ thống cập nhật đúng giá trị mới được chọn
A27: =IF(E27<>"",$E$3&"00"&COUNTA($E$16:E27),"") -> BTPNB0011 | B27: Kiểm tra xóa đơn vị sản xuất đã chọn trong màn hình Danh sách Bán thành phẩm nội bộ | D27: 1. Bấm vào dropdown “Đơn vị sản xuất” 2. Chọn đơn vị sản xuất 3. Bấm icon xóa dữ liệu | E27: Hệ thống xóa đúng dữ liệu đã chọn và đưa dropdown về trạng thái mặc định
A28: =IF(E28<>"",$E$3&"00"&COUNTA($E$16:E28),"") -> BTPNB0012 | B28: Kiểm tra tìm kiếm đơn vị sản xuất trong dropdown ở màn hình Danh sách Bán thành phẩm nội bộ | D28: 1. Bấm vào thanh tìm kiếm "Đơn vị sản xuất" 2. Nhập từ khóa tìm kiếm | E28: Hệ thống hiển thị đúng các đơn vị sản xuất phù hợp với từ khóa
A29: =IF(E29<>"",$E$3&"00"&COUNTA($E$16:E29),"") -> BTPNB0013 | B29: Kiểm tra đóng dropdown “Đơn vị sản xuất” khi bấm ra ngoài màn hình trong màn hình Danh sách Bán thành phẩm nội bộ' | D29: 1. Bấm vào dropdown “Đơn vị sản xuất” 2. Bấm ra ngoài vùng dropdown | E29: Hệ thống đóng dropdown đúng theo thiết kế
A30: =IF(E30<>"",$E$3&"00"&COUNTA($E$16:E30),"") | B30: Tìm kiếm theo Loại Bán thành phẩm nội bộ
A31: =IF(E31<>"",$E$3&"00"&COUNTA($E$16:E31),"") -> BTPNB0014 | B31: Kiểm tra hiển thị dropdown “Loại Bán thành phẩm nội bộ” trong màn hình Danh sách Bán thành phẩm nội bộ khi hệ thống tải đầy đủ dữ liệu | D31: 1. Bấm vào thanh tìm kiếm "Loại Bán thành phẩm nội bộ" | E31: Hệ thống hiển thị đầy đủ danh sách đơn vị sản xuất theo dữ liệu cấu hình
A32: =IF(E32<>"",$E$3&"00"&COUNTA($E$16:E32),"") -> BTPNB0015 | B32: Kiểm tra chọn một đơn vị sản xuất từ dropdown trong màn hình Danh sách Bán thành phẩm nội bộ | D32: 1. Bấm vào dropdown “Loại Bán thành phẩm nội bộ” 2. Chọn đơn vị sản xuất | E32: Hệ thống hiển thị đúng các Bán thành phẩm nội bộ thuộc đơn vị sản xuất đã chọn
A33: =IF(E33<>"",$E$3&"00"&COUNTA($E$16:E33),"") -> BTPNB0016 | B33: Kiểm tra chọn nhiều đơn vị sản xuất từ dropdown trong màn hình Danh sách Bán thành phẩm nội bộ' | D33: 1. Bấm vào dropdown “Loại Bán thành phẩm nội bộ” 2. Chọn nhiều Loại bán thành phẩm nội bộ | E33: Hệ thống không cho phép chọn nhiều đơn vị sản xuất
A34: =IF(E34<>"",$E$3&"00"&COUNTA($E$16:E34),"") -> BTPNB0017 | B34: Kiểm tra thay đổi đơn vị sản xuất đã chọn trong màn hình Danh sách Bán thành phẩm nội bộ | D34: 1. Bấm vào dropdown “Loại Bán thành phẩm nội bộ” 2. Chọn Loại bán thành phẩm nội bộ 3. Chọn lại Loại bán thành phẩm nội bộ khác | E34: Hệ thống cập nhật đúng giá trị mới được chọn
A35: =IF(E35<>"",$E$3&"00"&COUNTA($E$16:E35),"") -> BTPNB0018 | B35: Kiểm tra xóa đơn vị sản xuất đã chọn trong màn hình Danh sách Bán thành phẩm nội bộ | D35: 1. Bấm vào dropdown “Loại Bán thành phẩm nội bộ” 2. Chọn đơn vị sản xuất 3. Bấm icon xóa dữ liệu | E35: Hệ thống xóa đúng dữ liệu đã chọn và đưa dropdown về trạng thái mặc định
A36: =IF(E36<>"",$E$3&"00"&COUNTA($E$16:E36),"") -> BTPNB0019 | B36: Kiểm tra tìm kiếm đơn vị sản xuất trong dropdown ở màn hình Danh sách Bán thành phẩm nội bộ | D36: 1. Bấm vào thanh tìm kiếm "Loại Bán thành phẩm nội bộ" 2. Nhập từ khóa tìm kiếm | E36: Hệ thống hiển thị đúng các đơn vị sản xuất phù hợp với từ khóa
A37: =IF(E37<>"",$E$3&"00"&COUNTA($E$16:E37),"") -> BTPNB0020 | B37: Kiểm tra đóng dropdown “Loại Bán thành phẩm nội bộ” khi bấm ra ngoài màn hình trong màn hình Danh sách Bán thành phẩm nội bộ' | D37: 1. Bấm vào dropdown “Loại Bán thành phẩm nội bộ” 2. Bấm ra ngoài vùng dropdown | E37: Hệ thống đóng dropdown đúng theo thiết kế
A38: =IF(E38<>"",$E$3&"00"&COUNTA($E$16:E38),"") | B38: Tìm kiếm theo Mã Bán thành phẩm nội bộ
A39: =IF(E39<>"",$E$3&"00"&COUNTA($E$16:E39),"") -> BTPNB0021 | B39: Kiểm tra tìm kiếm Bán thành phẩm nội bộ thành công theo mã Bán thành phẩm nội bộ đầy đủ | D39: 1.Bấm vào thanh tìm kiếm "Mã Bán thành phẩm nội bộ" 2. Nhập Mã Bán thành phẩm nội bộ vào thanh tìm kiếm 3. Nhấn Enter | E39: Hệ thống hiển thị đúng Bán thành phẩm nội bộ có mã như đã tìm kiếm
A40: =IF(E40<>"",$E$3&"00"&COUNTA($E$16:E40),"") -> BTPNB0022 | B40: Kiểm tra tìm kiếm thành công theo mã Bán thành phẩm nội bộ không đầy đủ | D40: 1.Bấm vào thanh tìm kiếm "Mã Bán thành phẩm nội bộ" 2. Nhập Mã Bán thành phẩm nội bộ vào thanh tìm kiếm | E40: Hệ thống hiển thị các Bán thành phẩm nội bộ chứa giá trị tìm kiếm theo rule hệ thống
A41: =IF(E41<>"",$E$3&"00"&COUNTA($E$16:E41),"") -> BTPNB0023 | B41: Kiểm tra tìm kiếm thành công khi có khoảng trắng ở đầu và cuối dữ liệu tìm kiếm | D41: 1.Bấm vào thanh tìm kiếm "Mã Bán thành phẩm nội bộ" 2. Nhập Mã Bán thành phẩm nội bộ vào thanh tìm kiếm | E41: Hệ thống tự động loại bỏ khoảng trắng dư thừa và hiển thị đúng kết quả tìm kiếm
A42: =IF(E42<>"",$E$3&"00"&COUNTA($E$16:E42),"") -> BTPNB0024 | B42: Kiểm tra tìm kiếm thành công theo Mã Bán thành phẩm nội bộ khi không tồn tại mã Bán thành phẩm nội bộ | D42: 1.Bấm vào thanh tìm kiếm "Mã Bán thành phẩm nội bộ" 2. Nhập mã Bán thành phẩm nội bộ không tồn tại | E42: Hệ thống hiển thị trạng thái “Không có dữ liệu”
A43: =IF(E43<>"",$E$3&"00"&COUNTA($E$16:E43),"") -> BTPNB0025 | B43: Kiểm tra xóa thành công dữ liệu tìm kiếm | D43: 1.Bấm vào thanh tìm kiếm "Mã Bán thành phẩm nội bộ" 2. Nhập Mã Bán thành phẩm nội bộ vào thanh tìm kiếm | E43: Hệ thống xóa dữ liệu tìm kiếm và hiển thị lại danh sách mặc định
A44: =IF(E44<>"",$E$3&"00"&COUNTA($E$16:E44),"") | B44: Tìm kiếm theo Tên Bán thành phẩm nội bộ
A45: =IF(E45<>"",$E$3&"00"&COUNTA($E$16:E45),"") -> BTPNB0026 | B45: Kiểm tra tìm kiếm Bán thành phẩm nội bộ thành công theo Tên Bán thành phẩm nội bộ đầy đủ | D45: 1.Bấm vào thanh tìm kiếm "Tìm kiếm theo Tên Bán thành phẩm nội bộ " 2. Nhập Tên Bán thành phẩm nội bộ vào thanh tìm kiếm | E45: Hệ thống hiển thị đúng Bán thành phẩm nội bộ có mã như đã tìm kiếm
A46: =IF(E46<>"",$E$3&"00"&COUNTA($E$16:E46),"") -> BTPNB0027 | B46: Kiểm tra tìm kiếm thành công theo Tên Bán thành phẩm nội bộ không đầy đủ | D46: 1.Bấm vào thanh tìm kiếm "Tìm kiếm theo Tên Bán thành phẩm nội bộ " 2. Nhập Tên Bán thành phẩm nội bộ vào thanh tìm kiếm | E46: Hệ thống hiển thị các Bán thành phẩm nội bộ chứa giá trị tìm kiếm theo rule hệ thống
A47: =IF(E47<>"",$E$3&"00"&COUNTA($E$16:E47),"") -> BTPNB0028 | B47: Kiểm tra tìm kiếm thành công theo Tên Bán thành phẩm nội bộ khi có khoảng trắng ở đầu và cuối dữ liệu tìm kiếm | D47: 1.Bấm vào thanh tìm kiếm "Tìm kiếm theo Tên Bán thành phẩm nội bộ " 2. Nhập Tên Bán thành phẩm nội bộ vào thanh tìm kiếm | E47: Hệ thống tự động loại bỏ khoảng trắng dư thừa và hiển thị đúng kết quả tìm kiếm
A48: =IF(E48<>"",$E$3&"00"&COUNTA($E$16:E48),"") -> BTPNB0029 | B48: Kiểm tra tìm kiếm thành công theo Mã Bán thành phẩm nội bộ khi không tồn tại mã Bán thành phẩm nội bộ | D48: 1.Bấm vào thanh tìm kiếm "Tìm kiếm theo Tên Bán thành phẩm nội bộ " 2. Nhập Tên Bán thành phẩm nội bộ vào thanh tìm kiếm | E48: Hệ thống hiển thị trạng thái “Không có dữ liệu”
A49: =IF(E49<>"",$E$3&"00"&COUNTA($E$16:E49),"") -> BTPNB0030 | B49: Kiểm tra xóa thành công dữ liệu tìm kiếm | D49: 1.Bấm vào thanh tìm kiếm "Tìm kiếm theo Tên Bán thành phẩm nội bộ " 2. Nhập Tên Bán thành phẩm nội bộ vào thanh tìm kiếm | E49: Hệ thống xóa dữ liệu tìm kiếm và hiển thị lại danh sách mặc định
A50: =IF(E50<>"",$E$3&"00"&COUNTA($E$16:E50),"") | B50: Xuất file
A51: =IF(E51<>"",$E$3&"00"&COUNTA($E$16:E51),"") -> BTPNB0031 | B51: Kiểm tra xuất file thành công | D51: 1. Bấm chọn nút xuất file | E51: Hệ thống xuất file thành công và tải file về máy người dùng
A52: =IF(E52<>"",$E$3&"00"&COUNTA($E$16:E52),"") -> BTPNB0032 | B52: Kiểm tra dữ liệu hiển thị trong file export | D52: 1. Bấm chọn nút xuất file 2. Export file 3. Mở file đã tải | E52: Dữ liệu trong file hiển thị đầy đủ và chính xác theo dữ liệu trên hệ thống
A53: =IF(E53<>"",$E$3&"00"&COUNTA($E$16:E53),"") -> BTPNB0033 | B53: Kiểm tra export dữ liệu hiển thị đúng theo điều kiện tìm kiếm | D53: 1. Tìm kiếm theo điều kiện tìm kiếm 2. Bấm chọn nút xuất file 3. Export file 4. Mở file đã tải | E53: File export chỉ chứa dữ liệu theo điều kiện đã tìm kiếm
A54: =IF(E54<>"",$E$3&"00"&COUNTA($E$16:E54),"") -> BTPNB0034 | B54: Kiểm tra export không thành công khi không có dữ liệu | D54: 1. Bấm chọn nút "Xuất file" | E54: Hệ thống hiển thị thông báo "Không có dữ liệu để export" và Hệ thống xuất file không thành công và không tải file về máy người dùng
A55: =IF(E55<>"",$E$3&"00"&COUNTA($E$16:E55),"") | B55: Nhập file
A56: =IF(E56<>"",$E$3&"00"&COUNTA($E$16:E56),"") -> BTPNB0035 | B56: Kiểm tra hiển thị cửa sổ “Nhập file” | D56: 1. Bấm chọn nút "Nhập file" | E56: Hệ thống hiển thị cửa sổ nhập file đầy đủ các thành phần theo thiết kế
A57: =IF(E57<>"",$E$3&"00"&COUNTA($E$16:E57),"") -> BTPNB0036 | B57: Kiểm tra chức năng tải mẫu file nhập thành công | D57: 1. Bấm chọn nút "Nhập file" 2. Bấm chọn tải mẫu file "tại đây" | E57: Hệ thống tải xuống đúng file mẫu import
A58: =IF(E58<>"",$E$3&"00"&COUNTA($E$16:E58),"") -> BTPNB0037 | B58: Kiểm tra upload file hợp lệ thành công | D58: 1. Bấm chọn nút "Nhập file" 2. Bấm vào vùng upload file 3. Chọn file upload | E58: Hệ thống import dữ liệu thành công và hiển thị thông báo đã import dữ liệu. Dữ liệu được lưu đúng trong cơ sở dữ liệu và hiển thị chính xác trên danh sách Bán thành phẩm nội bộ
A59: =IF(E59<>"",$E$3&"00"&COUNTA($E$16:E59),"") -> BTPNB0038 | B59: Kiểm tra kéo thả file hợp lệ vào vùng upload thành công | D59: 1. Bấm chọn nút "Nhập file" 2. Kéo thả file vào vùng upload | E59: Hệ thống import dữ liệu thành công và hiển thị thông báo đã import dữ liệu. Dữ liệu được lưu đúng trong cơ sở dữ liệu và hiển thị chính xác trên danh sách Bán thành phẩm nội bộ
A60: =IF(E60<>"",$E$3&"00"&COUNTA($E$16:E60),"") -> BTPNB0039 | B60: Kiểm tra xóa thành công file đã upload bằng icon thùng rác | D60: 1. Bấm chọn nút "Nhập file" 2. Upload file 3. Bấm chọn icon thùng rác | E60: Hệ thống xóa file đã upload ra khỏi giao diện
A61: =IF(E61<>"",$E$3&"00"&COUNTA($E$16:E61),"") -> BTPNB0040 | B61: Kiểm tra trạng thái nút "xác nhận" khi chưa chọn file: hiển thị ở dạng không thể tương tác. | D61: 1. Bấm chọn nút "Nhập file" 3. Bấm chọn "Xác nhận" | E61: Không thể bấm vào "Xác nhận". Nút "Xác nhận" hiển thị ở dạng không thể tương tác.
A62: =IF(E62<>"",$E$3&"00"&COUNTA($E$16:E62),"") -> BTPNB0041 | B62: Kiểm tra luồng nhập file không thành công khi nhấn nút “Hủy” | D62: 1. Bấm chọn nút "Nhập file" 2. Upload file 3. Bấm chọn "Hủy" | E62: Hệ thống đóng cửa sổ nhập file, không thực hiện import dữ liệu và không tạo mới dữ liệu trong hệ thống
A63: =IF(E63<>"",$E$3&"00"&COUNTA($E$16:E63),"") | B63: Thêm mới Bán thành phẩm nội bộ
A64: =IF(E64<>"",$E$3&"00"&COUNTA($E$16:E64),"") -> BTPNB0042 | B64: - Kiểm tra title “Bán thành phẩm nội bộ” hiển thị đúng theo thiết kế | D64: 1. Truy cập màn hình "Thêm mới Bán thành phẩm nội bộ" | E64: Hiển thị đúng giao diện và vị trí theo thiết kế
A65: =IF(E65<>"",$E$3&"00"&COUNTA($E$16:E65),"") -> BTPNB0043 | B65: - Kiểm tra font chữ, kích thước chữ của label, button, table header đúng thiết kế - Kiểm tra màu chữ đúng theo trạng thái | D65: 1. Truy cập màn hình "Thêm mới Bán thành phẩm nội bộ" | E65: Hiển thị đúng giao diện và vị trí theo thiết kế
A66: =IF(E66<>"",$E$3&"00"&COUNTA($E$16:E66),"") -> BTPNB0044 | B66: Kiểm tra format của các Item trên màn hình so với các tài liệu thiết kế | D66: 1. Truy cập màn hình "Thêm mới Bán thành phẩm nội bộ" | E66: Hiển thị đúng giao diện và vị trí theo thiết kế
A67: =IF(E67<>"",$E$3&"00"&COUNTA($E$16:E67),"") -> BTPNB0045 | B67: Các trường hiển thị đúng loại control theo thiết kế: - Dropdown: Khu vực sản xuất, Trạng thái, Loại theo dõi bán thành phẩm, Đơn vị, Loại mã vạch, Kho bán thành phẩm mặc định - Textbox: Mã Bán thành phẩm nội bộ, Tên Bán thành phẩm nội bộ, Mô tả bán thành phẩm - Checkbox: Yêu cầu kiểm tra Yêu cầu kiểm tra PQC, Là btp ảo (Virtual)/Không quản lý kho | D67: 1. Truy cập màn hình "Thêm mới Bán thành phẩm nội bộ" | E67: Hiển thị đúng giao diện và vị trí theo thiết kế
A68: =IF(E68<>"",$E$3&"00"&COUNTA($E$16:E68),"") -> BTPNB0046 | B68: Kiểm tra hiển thị section “Thuộc tính Bán thành phẩm nội bộ” | D68: 1. Truy cập màn hình "Thêm mới Bán thành phẩm nội bộ" | E68: Hiển thị đúng giao diện và vị trí theo thiết kế
A69: =IF(E69<>"",$E$3&"00"&COUNTA($E$16:E69),"") -> BTPNB0047 | B69: Kiểm tra hiển thị dữ liệu tại trường “Tên Bán thành phẩm nội bộ”trong màn hình Thêm mới Bán thành phẩm nội bộ khi để trống dữ liệu | D69: 1. Truy cập màn hình Thêm mới Bán thành phẩm nội bộ 2. Để trống trường “Bán thành phẩm nội bộ” 3. Bấm vào nút Lưu | E69: Hệ thống hiển thị thông báo bắt buộc nhập trường “Bán thành phẩm nội bộ” và không cho phép lưu
A70: =IF(E70<>"",$E$3&"00"&COUNTA($E$16:E70),"") -> BTPNB0048 | B70: Kiểm tra hiển thị trường “Tên Bán thành phẩm nội bộ” trong màn hình Thêm mới Bán thành phẩm nội bộ khi nhập số ký tự nhỏ hơn độ dài tối thiểu | C70: A | D70: 1. Truy cập màn hình Thêm mới Bán thành phẩm nội bộ 2. Nhập dữ liệu kiểm thử 3. Bấm vào Lưu | E70: Hiển thị thông báo dữ liệu không đạt độ dài tối thiểu
A71: =IF(E71<>"",$E$3&"00"&COUNTA($E$16:E71),"") -> BTPNB0049 | B71: Kiểm tra hiển trường “Tên Bán thành phẩm nội bộ” trong màn hình Thêm mới Bán thành phẩm nội bộ khi nhập số ký tự vượt quá độ dài tối đa | C71: Chuỗi vượt quá giới hạn cho phép 155 ký tự | D71: 1. Truy cập màn hình Thêm mới Bán thành phẩm nội bộ 2. Nhập dữ liệu kiểm thử 3. Bấm vào Lưu | E71: Hiển thị thông báo vượt quá số ký tự cho phép và không cho nhập thêm
A72: =IF(E72<>"",$E$3&"00"&COUNTA($E$16:E72),"") -> BTPNB0050 | B72: Kiểm tra hiển thị trường “Tên Bán thành phẩm nội bộ” trong màn hình Thêm mới Bán thành phẩm nội bộ khi nhập dữ liệu có chứa khoảng trắng ở đầu và cuối | C72: " Bán thành phẩm nội bộ A " | D72: 1. Truy cập màn hình Thêm mới Bán thành phẩm nội bộ 2. Nhập dữ liệu kiểm thử 3. Bấm vào Lưu | E72: Hệ thống tự động cắt khoảng trắng và lưu dưới định dạng mong muốn
A73: =IF(E73<>"",$E$3&"00"&COUNTA($E$16:E73),"") -> BTPNB0051 | B73: Kiểm tra hiển thị trường “Tên Bán thành phẩm nội bộ” trong màn hình Thêm mới Bán thành phẩm nội bộ khi nhập dữ liệu trùng với tên Bán thành phẩm nội bộ đã tồn tại trong hệ thống | C73: "Bán thành phẩm nội bộ A" (đã tồn tại) | D73: 1. Truy cập màn hình Thêm mới Bán thành phẩm nội bộ 2. Nhập dữ liệu kiểm thử 3. Bấm vào Lưu | E73: Hiển thị thông báo tên Bán thành phẩm nội bộ đã tồn tại và không cho lưu
A74: =IF(E74<>"",$E$3&"00"&COUNTA($E$16:E74),"") -> BTPNB0052 | B74: Kiểm tra hiển thị trường “Tên Bán thành phẩm nội bộ” trong màn hình Thêm mới Bán thành phẩm nội bộ khi nhập dữ liệu hợp lệ và thực hiện lưu thành công | C74: "Bán thành phẩm nội bộ mới" | D74: 1. Truy cập màn hình Thêm mới Bán thành phẩm nội bộ 2. Nhập dữ liệu kiểm thử 3. Bấm vào Lưu | E74: Hệ thống thực hiện lưu dữ liệu thành công. Tạo mới một bản ghi Bán thành phẩm nội bộ trong cơ sở dữ liệu với thông tin đúng theo dữ liệu đã nhập. Hiển thị bản ghi vừa tạo trong danh sách Bán thành phẩm nội bộ.
A75: =IF(E75<>"",$E$3&"00"&COUNTA($E$16:E75),"") -> BTPNB0053 | B75: Kiểm tra hiển thị trường “Mã Bán thành phẩm nội bộ” trong màn hình Thêm mới Bán thành phẩm nội bộ khi hệ thống tự động sinh mã theo đúng format cấu hình | C75: Format cấu hình: PRODUCT-0001 | D75: 1. Truy cập màn hình Thêm mới Bán thành phẩm nội bộ | E75: Hệ thống tự động sinh mã Bán thành phẩm nội bộ đúng theo format đã cấu hình
A76: =IF(E76<>"",$E$3&"00"&COUNTA($E$16:E76),"") -> BTPNB0054 | B76: Kiểm tra hiển thị trường “Mã Bán thành phẩm nội bộ” trong màn hình Thêm mới Bán thành phẩm nội bộ khi hệ thống tự động sinh mã tăng tuần tự | C76: Bản ghi cuối cùng: như đã tìm kiếm | D76: 1. Truy cập màn hình Thêm mới Bán thành phẩm nội bộ | E76: Hệ thống tự động sinh mã tiếp theo là PRODUCT-1727
A77: =IF(E77<>"",$E$3&"00"&COUNTA($E$16:E77),"") -> BTPNB0055 | B77: Kiểm tra hiển thị trường “Mã Bán thành phẩm nội bộ” trong màn hình Thêm mới Bán thành phẩm nội bộ khi hệ thống tự động sinh mã không bị trùng với dữ liệu đã tồn tại | D77: 1. Truy cập màn hình Thêm mới Bán thành phẩm nội bộ nhiều lần 2. Thực hiện lưu dữ liệu | E77: Hệ thống sinh mã Bán thành phẩm nội bộ duy nhất, không trùng với dữ liệu đã tồn tại trong cơ sở dữ liệu
A78: =IF(E78<>"",$E$3&"00"&COUNTA($E$16:E78),"") -> BTPNB0056 | B78: Kiểm tra hiển thị trường “Mã Bán thành phẩm nội bộ” trong màn hình Thêm mới Bán thành phẩm nội bộ khi người dùng thực hiện Thêm mới mã được sinh tự động | D78: 1. Truy cập màn hình Thêm mới Bán thành phẩm nội bộ 2. Thêm mới trường “Mã Bán thành phẩm nội bộ” | E78: Trường “Mã Bán thành phẩm nội bộ” ở trạng thái readonly và không cho phép Thêm mới
A79: =IF(E79<>"",$E$3&"00"&COUNTA($E$16:E79),"") -> BTPNB0057 | B79: Kiểm tra hiển thị trường “Mã Bán thành phẩm nội bộ” trong màn hình Thêm mới Bán thành phẩm nội bộ khi thực hiện lưu dữ liệu với mã Bán thành phẩm nội bộ được tự động sinh | D79: 1. Truy cập màn hình Thêm mới Bán thành phẩm nội bộ 2. Nhập đầy đủ dữ liệu hợp lệ 3. Bấm vào Lưu | E79: Hệ thống lưu dữ liệu thành công, tạo mới một bản ghi trong cơ sở dữ liệu với mã Bán thành phẩm nội bộ được sinh tự động và hiển thị đúng trong danh sách Bán thành phẩm nội bộ
A80: =IF(E80<>"",$E$3&"00"&COUNTA($E$16:E80),"") -> BTPNB0058 | B80: Kiểm tra hiển thị trường “Mã Bán thành phẩm nội bộ” trong màn hình Thêm mới Bán thành phẩm nội bộ khi người dùng hủy thao tác tạo mới sau khi hệ thống đã sinh mã Bán thành phẩm nội bộ | D80: 1. Truy cập màn hình Thêm mới Bán thành phẩm nội bộ 2. Không lưu dữ liệu 3. Quay lại màn danh sách 4. Mở lại màn Thêm mới Bán thành phẩm nội bộ | E80: Hệ thống giữ nguyên mã Bán thành phẩm nội bộ đã được sinh tự động trước đó khi người dùng hủy thao tác tạo mới và truy cập lại màn hình Thêm mới Bán thành phẩm nội bộ.
A81: =IF(E81<>"",$E$3&"00"&COUNTA($E$16:E81),"") -> BTPNB0059 | B81: Kiểm tra hiển thị trường “Khu vực sản xuất” trong màn hình Thêm mới Bán thành phẩm nội bộ khi hệ thống tải danh sách Khu vực sản xuất | D81: 1. Truy cập màn hình Thêm mới Bán thành phẩm nội bộ 2. Bấm vào trường “Khu vực sản xuất” | E81: Hệ thống hiển thị đầy đủ danh sách Khu vực sản xuất theo dữ liệu cấu hình
A82: =IF(E82<>"",$E$3&"00"&COUNTA($E$16:E82),"") -> BTPNB0060 | B82: Kiểm tra hiển thị trường “Khu vực sản xuất” trong màn hình Thêm mới Bán thành phẩm nội bộ khi người dùng thực hiện chọn một Khu vực sản xuất | D82: 1. Truy cập màn hình Thêm mới Bán thành phẩm nội bộ 2. Bấm chọn trường “Khu vực sản xuất” 3. Chọn một danh mục trong danh sách | E82: Hệ thống hiển thị đúng giá trị danh mục đã chọn tại trường “Khu vực sản xuất”
A83: =IF(E83<>"",$E$3&"00"&COUNTA($E$16:E83),"") -> BTPNB0061 | B83: Kiểm tra hiển thị trường “Khu vực sản xuất” trong màn hình Thêm mới Bán thành phẩm nội bộ khi người dùng chưa chọn Khu vực sản xuất | D83: 1. Truy cập màn hình Thêm mới Bán thành phẩm nội bộ 2. Chọn tất cả trường bắt buộc và không chọn trường “Khu vực sản xuất” 3. Bấm vào Lưu | E83: Hệ thống không cho phép lưu dữ liệu Hệ thống hiển thị thông báo yêu cầu chọn Khu vực sản xuất Trường “Khu vực sản xuất” được làm nổi bật viền
A84: =IF(E84<>"",$E$3&"00"&COUNTA($E$16:E84),"") -> BTPNB0062 | B84: Kiểm tra hiển thị trường “Khu vực sản xuất” trong màn hình Thêm mới Bán thành phẩm nội bộ khi người dùng tìm kiếm Khu vực sản xuất trong dropdown | D84: 1. Truy cập màn hình Thêm mới Bán thành phẩm nội bộ 2. Bấm vào trường “Khu vực sản xuất” 3. Nhập từ khóa tìm kiếm | E84: Hệ thống hiển thị danh sách thả xuống chỉ hiển thị các danh mục có tên chứa từ khóa Nếu không có kết quả, hiển thị thông báo “Không tìm thấy Khu vực sản xuất”. Có thể xóa từ khóa để hiển thị lại toàn bộ danh sách.
A85: =IF(E85<>"",$E$3&"00"&COUNTA($E$16:E85),"") -> BTPNB0063 | B85: Kiểm tra hiển thị trường “Khu vực sản xuất” trong màn hình Thêm mới Bán thành phẩm nội bộ khi người dùng chọn lại Khu vực sản xuất khác | D85: 1. Truy cập màn hình Thêm mới Bán thành phẩm nội bộ 2. Bấm vào trường “Khu vực sản xuất” 3. Chọn Danh mục A 4. Chọn Danh mục C | E85: Hệ thống cập nhật đúng giá trị Khu vực sản xuất mới được chọn
A86: =IF(E86<>"",$E$3&"00"&COUNTA($E$16:E86),"") -> BTPNB0064 | B86: Kiểm tra hiển thị trường “Khu vực sản xuất” trong màn hình Thêm mới Bán thành phẩm nội bộ khi thực hiện lưu dữ liệu với Khu vực sản xuất hợp lệ | D86: 1. Truy cập màn hình Thêm mới Bán thành phẩm nội bộ 2. Bấm vào trường “Khu vực sản xuất” 3. Chọn dữ liệu kiểm thử 4. Bấm vào Lưu | E86: Hệ thống lưu dữ liệu thành công Tạo mới một bản ghi trong cơ sở dữ liệu với Khu vực sản xuất đã chọn
A87: =IF(E87<>"",$E$3&"00"&COUNTA($E$16:E87),"") -> BTPNB0065 | B87: Kiểm tra hiển thị trường “Loại mã vạch” trong màn hình Thêm mới Bán thành phẩm nội bộ khi hệ thống tải danh sách Loại mã vạch | D87: 1. Truy cập màn hình Thêm mới Bán thành phẩm nội bộ 2. Bấm vào trường “Loại mã vạch” | E87: Hệ thống hiển thị đầy đủ danh sách Loại mã vạch theo dữ liệu cấu hình
A88: =IF(E88<>"",$E$3&"00"&COUNTA($E$16:E88),"") -> BTPNB0066 | B88: Kiểm tra hiển thị trường “Loại mã vạch” trong màn hình Thêm mới Bán thành phẩm nội bộ khi người dùng thực hiện chọn một Loại mã vạch | D88: 1. Truy cập màn hình Thêm mới Bán thành phẩm nội bộ 2. Bấm chọn trường “Loại mã vạch” 3. Chọn một danh mục trong danh sách | E88: Hệ thống hiển thị đúng giá trị danh mục đã chọn tại trường “Loại mã vạch”
... A112: =IF(E112<>"",$E$3&"00"&COUNTA($E$16:E112),"") -> BTPNB0090 | B112: Kiểm tra hiển thị dữ liệu tại trường “Tên Bán thành phẩm nội bộ”trong màn hình Thêm mới Bán thành phẩm nội bộ khi để trống dữ liệu | D112: 1. Truy cập màn hình Thêm mới Bán thành phẩm nội bộ 2. Để trống trường “Danh mục Bán thành phẩm nội bộ” 3. Bấm vào nút Lưu | E112: Hệ thống hiển thị thông báo bắt buộc nhập trường “Danh mục Bán thành phẩm nội bộ” và không cho phép lưu
A113: =IF(E113<>"",$E$3&"00"&COUNTA($E$16:E113),"") -> BTPNB0091 | B113: Kiểm tra hiển thị trường “Tên Bán thành phẩm nội bộ” trong màn hình Thêm mới Bán thành phẩm nội bộ khi nhập số ký tự nhỏ hơn độ dài tối thiểu | C113: A | D113: 1. Truy cập màn hình Thêm mới Bán thành phẩm nội bộ 2. Nhập dữ liệu kiểm thử 3. Bấm vào Lưu | E113: Hiển thị thông báo dữ liệu không đạt độ dài tối thiểu
A114: =IF(E114<>"",$E$3&"00"&COUNTA($E$16:E114),"") -> BTPNB0092 | B114: Kiểm tra hiển trường “Tên Bán thành phẩm nội bộ” trong màn hình Thêm mới Bán thành phẩm nội bộ khi nhập số ký tự vượt quá độ dài tối đa | C114: Chuỗi vượt quá giới hạn cho phép 155 ký tự | D114: 1. Truy cập màn hình Thêm mới Bán thành phẩm nội bộ 2. Nhập dữ liệu kiểm thử 3. Bấm vào Lưu | E114: Hiển thị thông báo vượt quá số ký tự cho phép và không cho nhập thêm
A115: =IF(E115<>"",$E$3&"00"&COUNTA($E$16:E115),"") -> BTPNB0093 | B115: Kiểm tra hiển thị trường “Tên Bán thành phẩm nội bộ” trong màn hình Thêm mới Bán thành phẩm nội bộ khi nhập dữ liệu có chứa khoảng trắng ở đầu và cuối | D115: 1. Truy cập màn hình Thêm mới Bán thành phẩm nội bộ 2. Nhập dữ liệu kiểm thử 3. Bấm vào Lưu | E115: Hệ thống tự động cắt khoảng trắng và lưu dưới định dạng mong muốn
A116: =IF(E116<>"",$E$3&"00"&COUNTA($E$16:E116),"") -> BTPNB0094 | B116: Kiểm tra hiển thị trường “Tên Bán thành phẩm nội bộ” trong màn hình Thêm mới Bán thành phẩm nội bộ khi nhập dữ liệu trùng với tên Bán thành phẩm nội bộ đã tồn tại trong hệ thống | D116: 1. Truy cập màn hình Thêm mới Bán thành phẩm nội bộ 2. Nhập dữ liệu kiểm thử 3. Bấm vào Lưu | E116: Hiển thị thông báo tên Bán thành phẩm nội bộ đã tồn tại và không cho lưu
A117: =IF(E117<>"",$E$3&"00"&COUNTA($E$16:E117),"") -> BTPNB0095 | B117: Kiểm tra hiển thị trường “Tên Bán thành phẩm nội bộ” trong màn hình Thêm mới Bán thành phẩm nội bộ khi nhập dữ liệu hợp lệ và thực hiện lưu thành công | D117: 1. Truy cập màn hình Thêm mới Bán thành phẩm nội bộ 2. Nhập dữ liệu kiểm thử 3. Bấm vào Lưu | E117: Hệ thống thực hiện lưu dữ liệu thành công. Tạo mới một bản ghi Bán thành phẩm nội bộ trong cơ sở dữ liệu với thông tin đúng theo dữ liệu đã nhập. Hiển thị bản ghi vừa tạo trong danh sách Bán thành phẩm nội bộ.
A118: =IF(E118<>"",$E$3&"00"&COUNTA($E$16:E118),"") -> BTPNB0096 | B118: Kiểm tra hiển thị trường “Thuộc tính Bán thành phẩm nội bộ” trong màn hình Thêm mới Bán thành phẩm nội bộ khi người dùng thực hiện chọn một Thuộc tính Bán thành phẩm nội bộ | D118: 1. Truy cập màn hình Thêm mới Bán thành phẩm nội bộ 2. Bấm chọn trường “Thuộc tính Bán thành phẩm nội bộ” 3. Chọn một danh mục trong danh sách | E118: Hệ thống hiển thị đúng giá trị danh mục đã chọn tại trường “Thuộc tính Bán thành phẩm nội bộ”
A119: =IF(E119<>"",$E$3&"00"&COUNTA($E$16:E119),"") -> BTPNB0097 | B119: Kiểm tra hiển thị trường “Thuộc tính Bán thành phẩm nội bộ” trong màn hình Thêm mới Bán thành phẩm nội bộ khi người dùng chưa chọn Thuộc tính Bán thành phẩm nội bộ | D119: 1. Truy cập màn hình Thêm mới Bán thành phẩm nội bộ 2. Chọn tất cả trường bắt buộc và không chọn trường “Thuộc tính Bán thành phẩm nội bộ” 3. Bấm vào Lưu | E119: Hệ thống không cho phép lưu dữ liệu Hệ thống hiển thị thông báo yêu cầu chọn Thuộc tính Bán thành phẩm nội bộ Trường “Thuộc tính Bán thành phẩm nội bộ” được làm nổi bật viền
A120: =IF(E120<>"",$E$3&"00"&COUNTA($E$16:E120),"") -> BTPNB0098 | B120: Kiểm tra hiển thị trường “Thuộc tính Bán thành phẩm nội bộ” trong màn hình Thêm mới Bán thành phẩm nội bộ khi người dùng tìm kiếm Thuộc tính Bán thành phẩm nội bộ trong dropdown | D120: 1. Truy cập màn hình Thêm mới Bán thành phẩm nội bộ 2. Bấm vào trường “Thuộc tính Bán thành phẩm nội bộ” 3. Nhập từ khóa tìm kiếm | E120: Hệ thống hiển thị danh sách thả xuống chỉ hiển thị các danh mục có tên chứa từ khóa Nếu không có kết quả, hiển thị thông báo “Không tìm thấy Thuộc tính Bán thành phẩm nội bộ”. Có thể xóa từ khóa để hiển thị lại toàn bộ danh sách.
A121: =IF(E121<>"",$E$3&"00"&COUNTA($E$16:E121),"") -> BTPNB0099 | B121: Kiểm tra hiển thị trường “Thuộc tính Bán thành phẩm nội bộ” trong màn hình Thêm mới Bán thành phẩm nội bộ khi người dùng chọn lại Thuộc tính Bán thành phẩm nội bộ khác | D121: 1. Truy cập màn hình Thêm mới Bán thành phẩm nội bộ 2. Bấm vào trường “Thuộc tính Bán thành phẩm nội bộ” 3. Chọn Danh mục A 4. Chọn Danh mục C | E121: Hệ thống cập nhật đúng giá trị Thuộc tính Bán thành phẩm nội bộ mới được chọn
A122: =IF(E122<>"",$E$3&"00"&COUNTA($E$16:E122),"") -> BTPNB00100 | B122: Kiểm tra hiển thị trường “Thuộc tính Bán thành phẩm nội bộ” trong màn hình Thêm mới Bán thành phẩm nội bộ khi thực hiện lưu dữ liệu với Thuộc tính Bán thành phẩm nội bộ hợp lệ | D122: 1. Truy cập màn hình Thêm mới Bán thành phẩm nội bộ 2. Bấm vào trường “Thuộc tính Bán thành phẩm nội bộ” 3. Chọn dữ liệu kiểm thử 4. Bấm vào Lưu | E122: Hệ thống lưu dữ liệu thành công Tạo mới một bản ghi trong cơ sở dữ liệu với Thuộc tính Bán thành phẩm nội bộ đã chọn
A123: =IF(E123<>"",$E$3&"00"&COUNTA($E$16:E123),"") -> BTPNB00101 | B123: Kiểm tra hiển thị dữ liệu tại trường “Giá trị thuộc tính (nhập giá trị)”trong màn hình Thêm mới Bán thành phẩm nội bộ khi để trống dữ liệu | D123: 1. Truy cập màn hình Thêm mới Bán thành phẩm nội bộ 2. Để trống trường “Bán thành phẩm nội bộ” 3. Bấm vào nút Lưu | E123: Hệ thống hiển thị thông báo bắt buộc nhập trường “Bán thành phẩm nội bộ” và không cho phép lưu
A124: =IF(E124<>"",$E$3&"00"&COUNTA($E$16:E124),"") -> BTPNB00102 | B124: Kiểm tra hiển thị trường “Giá trị thuộc tính (nhập giá trị)” trong màn hình Thêm mới Bán thành phẩm nội bộ khi nhập số ký tự nhỏ hơn độ dài tối thiểu | D124: 1. Truy cập màn hình Thêm mới Bán thành phẩm nội bộ 2. Nhập dữ liệu kiểm thử 3. Bấm vào Lưu | E124: Hiển thị thông báo dữ liệu không đạt độ dài tối thiểu
...

Sheet QuanLyThietBi
D1: KỊCH BẢN KIỂM THỬ *
D2: Tên màn hình/Tên chức năng | E2: Thiết bị
D3: Mã trường hợp kiểm thử | E3: SP
D4: Số trường hợp kiểm thử đạt (P) | E4: 0
D5: Số trường hợp kiểm thử không đạt (F) | E5: 0
D6: Số trường hợp kiểm thử đang xem xét (PE) | E6: 0
D7: Số trường hợp kiểm thử chưa thực hiện | E7: 159
D8: Tổng số trường hợp kiểm thử | E8: 159
D9: Quay lại trang Tổng hợp
A10: Mã trường hợp kiểm thử | B10: Mục đích kiểm thử | C10: Dữ liệu kiểm thử | D10: Các bước thực hiện | E10: Kết quả mong muốn | F10: Chrome | I10: <Firefox> | L10: <Edge> | O10: <Tên trình duyệt 4> | R10: Kết quả hiện tại | S10: Mã lỗi | T10: Ghi chú
F11: Lần 1 | G11: Lần 2 | H11: Lần 3 | I11: Lần 1 | J11: Lần 2 | K11: Lần 3 | L11: Lần 1 | M11: Lần 2 | N11: Lần 3 | O11: Lần 1 | P11: Lần 2 | Q11: Lần 3
B12: Chức năng : Thiết bị
B13: Tiền điều kiện: Bước 1: Đăng nhập vào hệ thống Bước 2: Chọn modul thông tin chung Bước 3: Chọn "Thiết bị"
B14: Màn hình: Danh sách Thiết bị
A15: =IF(E15<>"",$E$3&"00"&COUNTA($E$15:E15),"") -> SP001 | B15: - Kiểm tra title “Thiết bị” hiển thị đúng theo thiết kế | E15: Hiển thị đúng giao diện và vị trí theo thiết kế
A16: =IF(E16<>"",$E$3&"00"&COUNTA($E$15:E16),"") -> SP002 | B16: - Kiểm tra vị trí các trường filter hiển thị đúng layout | E16: Hiển thị đúng giao diện và vị trí theo thiết kế
A17: =IF(E17<>"",$E$3&"00"&COUNTA($E$15:E17),"") -> SP003 | B17: - Kiểm tra font chữ, kích thước chữ của label, button, table header đúng thiết kế - Kiểm tra màu chữ đúng theo trạng thái | E17: Hiển thị đúng giao diện và vị trí theo thiết kế
A18: =IF(E18<>"",$E$3&"00"&COUNTA($E$15:E18),"") -> SP004 | B18: Kiểm tra format của các Item (Date, Decimal, …) trên màn hình so với các tài liệu thiết kế Figma | E18: Hiển thị đúng giao diện và vị trí theo thiết kế
A19: =IF(E19<>"",$E$3&"00"&COUNTA($E$15:E19),"") -> SP005 | B19: Kiểm tra đúng loại control: - Dropdown: Đơn vị sản xuất, Loại Thiết bị - Textbox: Mã Thiết bị, Tên Thiết bị | E19: Hiển thị đúng giao diện và vị trí theo thiết kế
A20: =IF(E20<>"",$E$3&"00"&COUNTA($E$15:E20),"") -> SP006 | B20: Kiểm tra hiển thị đúng các cột: - Mã máy - Tên máy - Đơn vị sản xuất - Bậc thợ tối thiểu - Trạng thái - Hành động | E20: Hiển thị đúng giao diện và vị trí theo thiết kế
A21: =IF(E21<>"",$E$3&"00"&COUNTA($E$15:E21),"") | B21: Tìm kiếm theo Đơn vị sản xuất
A22: =IF(E22<>"",$E$3&"00"&COUNTA($E$15:E22),"") -> SP007 | B22: Kiểm tra hiển thị dropdown “Đơn vị sản xuất” trong màn hình Danh sách Thiết bị khi hệ thống tải đầy đủ dữ liệu | D22: 1. Bấm vào thanh tìm kiếm "Đơn vị sản xuất" | E22: Hệ thống hiển thị đầy đủ danh sách đơn vị sản xuất theo dữ liệu cấu hình
A23: =IF(E23<>"",$E$3&"00"&COUNTA($E$15:E23),"") -> SP008 | B23: Kiểm tra chọn một đơn vị sản xuất từ dropdown trong màn hình Danh sách Thiết bị | D23: 1. Bấm vào dropdown “Đơn vị sản xuất” 2. Chọn đơn vị sản xuất | E23: Hệ thống hiển thị đúng các Thiết bị thuộc đơn vị sản xuất đã chọn
A24: =IF(E24<>"",$E$3&"00"&COUNTA($E$15:E24),"") -> SP009 | B24: Kiểm tra chọn nhiều đơn vị sản xuất từ dropdown trong màn hình Danh sách Thiết bị' | D24: 1. Bấm vào dropdown “Đơn vị sản xuất” 2. Chọn nhiều đơn vị sản xuất | E24: Hệ thống không cho phép chọn nhiều đơn vị sản xuất
A25: =IF(E25<>"",$E$3&"00"&COUNTA($E$15:E25),"") -> SP0010 | B25: Kiểm tra thay đổi đơn vị sản xuất đã chọn trong màn hình Danh sách Thiết bị | D25: 1. Bấm vào dropdown “Đơn vị sản xuất” 2. Chọn Đơn vị sản xuất 3. Chọn lại Đơn vị sản xuất khác | E25: Hệ thống cập nhật đúng giá trị mới được chọn
A26: =IF(E26<>"",$E$3&"00"&COUNTA($E$15:E26),"") -> SP0011 | B26: Kiểm tra xóa đơn vị sản xuất đã chọn trong màn hình Danh sách Thiết bị | D26: 1. Bấm vào dropdown “Đơn vị sản xuất” 2. Chọn đơn vị sản xuất 3. Bấm icon xóa dữ liệu | E26: Hệ thống xóa đúng dữ liệu đã chọn và đưa dropdown về trạng thái mặc định
A27: =IF(E27<>"",$E$3&"00"&COUNTA($E$15:E27),"") -> SP0012 | B27: Kiểm tra tìm kiếm đơn vị sản xuất trong dropdown ở màn hình Danh sách Thiết bị | D27: 1. Bấm vào thanh tìm kiếm "Đơn vị sản xuất" 2. Nhập từ khóa tìm kiếm | E27: Hệ thống hiển thị đúng các đơn vị sản xuất phù hợp với từ khóa
A28: =IF(E28<>"",$E$3&"00"&COUNTA($E$15:E28),"") -> SP0013 | B28: Kiểm tra đóng dropdown “Đơn vị sản xuất” khi bấm ra ngoài màn hình trong màn hình Danh sách Thiết bị' | D28: 1. Bấm vào dropdown “Đơn vị sản xuất” 2. Bấm ra ngoài vùng dropdown | E28: Hệ thống đóng dropdown đúng theo thiết kế
A29: =IF(E29<>"",$E$3&"00"&COUNTA($E$15:E29),"") | B29: Tìm kiếm theo Trạng thái
A30: =IF(E30<>"",$E$3&"00"&COUNTA($E$15:E30),"") -> SP0014 | B30: Kiểm tra hiển thị dropdown “Trạng thái” trong màn hình Danh sách Thiết bị khi hệ thống tải đầy đủ dữ liệu | D30: 1. Bấm vào thanh tìm kiếm "Trạng thái" | E30: Hệ thống hiển thị đầy đủ danh sách đơn vị sản xuất theo dữ liệu cấu hình
A31: =IF(E31<>"",$E$3&"00"&COUNTA($E$15:E31),"") -> SP0015 | B31: Kiểm tra chọn một đơn vị sản xuất từ dropdown trong màn hình Danh sách Thiết bị | D31: 1. Bấm vào dropdown “Trạng thái” 2. Chọn Trạng thái | E31: Hệ thống hiển thị đúng các Thiết bị thuộc đơn vị sản xuất đã chọn
A32: =IF(E32<>"",$E$3&"00"&COUNTA($E$15:E32),"") -> SP0016 | B32: Kiểm tra chọn nhiều đơn vị sản xuất từ dropdown trong màn hình Danh sách Thiết bị' | D32: 1. Bấm vào dropdown “Trạng thái” 2. Chọn nhiều Trạng thái | E32: Hệ thống không cho phép chọn nhiều đơn vị sản xuất
A33: =IF(E33<>"",$E$3&"00"&COUNTA($E$15:E33),"") -> SP0017 | B33: Kiểm tra thay đổi đơn vị sản xuất đã chọn trong màn hình Danh sách Thiết bị | D33: 1. Bấm vào dropdown “Trạng thái” 2. Chọn Trạng thái 3. Chọn lại Trạng thái khác | E33: Hệ thống cập nhật đúng giá trị mới được chọn
A34: =IF(E34<>"",$E$3&"00"&COUNTA($E$15:E34),"") -> SP0018 | B34: Kiểm tra xóa đơn vị sản xuất đã chọn trong màn hình Danh sách Thiết bị | D34: 1. Bấm vào dropdown “Trạng thái” 2. Chọn đơn vị sản xuất 3. Bấm icon xóa dữ liệu | E34: Hệ thống xóa đúng dữ liệu đã chọn và đưa dropdown về trạng thái mặc định
A35: =IF(E35<>"",$E$3&"00"&COUNTA($E$15:E35),"") -> SP0019 | B35: Kiểm tra tìm kiếm đơn vị sản xuất trong dropdown ở màn hình Danh sách Thiết bị | D35: 1. Bấm vào thanh tìm kiếm "Trạng thái" 2. Nhập từ khóa tìm kiếm | E35: Hệ thống hiển thị đúng các đơn vị sản xuất phù hợp với từ khóa
A36: =IF(E36<>"",$E$3&"00"&COUNTA($E$15:E36),"") -> SP0020 | B36: Kiểm tra đóng dropdown “Trạng thái” khi bấm ra ngoài màn hình trong màn hình Danh sách Thiết bị' | D36: 1. Bấm vào dropdown “Trạng thái” 2. Bấm ra ngoài vùng dropdown | E36: Hệ thống đóng dropdown đúng theo thiết kế
A37: =IF(E37<>"",$E$3&"00"&COUNTA($E$15:E37),"") | B37: Tìm kiếm theo Mã máy
A38: =IF(E38<>"",$E$3&"00"&COUNTA($E$15:E38),"") -> SP0021 | B38: Kiểm tra tìm kiếm Thiết bị thành công theo Mã máy đầy đủ | D38: 1.Bấm vào thanh tìm kiếm "Mã máy" 2. Nhập Mã máy vào thanh tìm kiếm 3. Nhấn Enter | E38: Hệ thống hiển thị đúng Thiết bị có mã như đã tìm kiếm
A39: =IF(E39<>"",$E$3&"00"&COUNTA($E$15:E39),"") -> SP0022 | B39: Kiểm tra tìm kiếm thành công theo Mã máy không đầy đủ | D39: 1.Bấm vào thanh tìm kiếm "Mã máy" 2. Nhập Mã máy vào thanh tìm kiếm | E39: Hệ thống hiển thị các Thiết bị chứa giá trị tìm kiếm theo rule hệ thống
A40: =IF(E40<>"",$E$3&"00"&COUNTA($E$15:E40),"") -> SP0023 | B40: Kiểm tra tìm kiếm thành công khi có khoảng trắng ở đầu và cuối dữ liệu tìm kiếm | D40: 1.Bấm vào thanh tìm kiếm "Mã máy" 2. Nhập Mã máy vào thanh tìm kiếm | E40: Hệ thống tự động loại bỏ khoảng trắng dư thừa và hiển thị đúng kết quả tìm kiếm
A41: =IF(E41<>"",$E$3&"00"&COUNTA($E$15:E41),"") -> SP0024 | B41: Kiểm tra tìm kiếm thành công theo Mã máy khi không tồn tại Mã máy | D41: 1.Bấm vào thanh tìm kiếm "Mã máy" 2. Nhập Mã máy không tồn tại | E41: Hệ thống hiển thị trạng thái “Không có dữ liệu”
A42: =IF(E42<>"",$E$3&"00"&COUNTA($E$15:E42),"") -> SP0025 | B42: Kiểm tra xóa thành công dữ liệu tìm kiếm | D42: 1.Bấm vào thanh tìm kiếm "Mã máy" 2. Nhập Mã máy vào thanh tìm kiếm | E42: Hệ thống xóa dữ liệu tìm kiếm và hiển thị lại danh sách mặc định
A43: =IF(E43<>"",$E$3&"00"&COUNTA($E$15:E43),"") | B43: Tìm kiếm theo Tên máy
A44: =IF(E44<>"",$E$3&"00"&COUNTA($E$15:E44),"") -> SP0026 | B44: Kiểm tra tìm kiếm Tên máy thành công theo Tên máy đầy đủ | D44: 1.Bấm vào thanh tìm kiếm "Tìm kiếm theo Tên máy " 2. Nhập Tên máy vào thanh tìm kiếm | E44: Hệ thống hiển thị đúng Tên máy có mã
A45: =IF(E45<>"",$E$3&"00"&COUNTA($E$15:E45),"") -> SP0027 | B45: Kiểm tra tìm kiếm thành công theo Tên máy không đầy đủ | D45: 1.Bấm vào thanh tìm kiếm "Tìm kiếm theo Tên máy " 2. Nhập Tên máy vào thanh tìm kiếm | E45: Hệ thống hiển thị các Tên máy chứa giá trị tìm kiếm theo rule hệ thống
A46: =IF(E46<>"",$E$3&"00"&COUNTA($E$15:E46),"") -> SP0028 | B46: Kiểm tra tìm kiếm thành công theo Tên máy khi có khoảng trắng ở đầu và cuối dữ liệu tìm kiếm | D46: 1.Bấm vào thanh tìm kiếm "Tìm kiếm theo Tên máy " 2. Nhập Tên máy vào thanh tìm kiếm | E46: Hệ thống tự động loại bỏ khoảng trắng dư thừa và hiển thị đúng kết quả tìm kiếm
A47: =IF(E47<>"",$E$3&"00"&COUNTA($E$15:E47),"") -> SP0029 | B47: Kiểm tra tìm kiếm thành công theo Mã Tên máy khi không tồn tại mã Tên máy | D47: 1.Bấm vào thanh tìm kiếm "Tìm kiếm theo Tên máy " 2. Nhập Tên máy vào thanh tìm kiếm | E47: Hệ thống hiển thị trạng thái “Không có dữ liệu”
A48: =IF(E48<>"",$E$3&"00"&COUNTA($E$15:E48),"") -> SP0030 | B48: Kiểm tra xóa thành công dữ liệu tìm kiếm | D48: 1.Bấm vào thanh tìm kiếm "Tìm kiếm theo Tên máy " 2. Nhập Tên máy vào thanh tìm kiếm | E48: Hệ thống xóa dữ liệu tìm kiếm và hiển thị lại danh sách mặc định
A49: =IF(E49<>"",$E$3&"00"&COUNTA($E$15:E49),"") | B49: Xuất file
A50: =IF(E50<>"",$E$3&"00"&COUNTA($E$15:E50),"") -> SP0031 | B50: Kiểm tra xuất file thành công | D50: 1. Bấm chọn nút xuất file | E50: Hệ thống xuất file thành công và tải file về máy người dùng
A51: =IF(E51<>"",$E$3&"00"&COUNTA($E$15:E51),"") -> SP0032 | B51: Kiểm tra dữ liệu hiển thị trong file export | D51: 1. Bấm chọn nút xuất file 2. Export file 3. Mở file đã tải | E51: Dữ liệu trong file hiển thị đầy đủ và chính xác theo dữ liệu trên hệ thống
A52: =IF(E52<>"",$E$3&"00"&COUNTA($E$15:E52),"") -> SP0033 | B52: Kiểm tra export dữ liệu hiển thị đúng theo điều kiện tìm kiếm | D52: 1. Tìm kiếm theo điều kiện tìm kiếm 2. Bấm chọn nút xuất file 3. Export file 4. Mở file đã tải | E52: File export chỉ chứa dữ liệu theo điều kiện đã tìm kiếm
A53: =IF(E53<>"",$E$3&"00"&COUNTA($E$15:E53),"") -> SP0034 | B53: Kiểm tra export không thành công khi không có dữ liệu | D53: 1. Bấm chọn nút "Xuất file" | E53: Hệ thống hiển thị thông báo "Không có dữ liệu để export" và Hệ thống xuất file không thành công và không tải file về máy người dùng
A54: =IF(E54<>"",$E$3&"00"&COUNTA($E$15:E54),"") | B54: Nhập file
A55: =IF(E55<>"",$E$3&"00"&COUNTA($E$15:E55),"") -> SP0035 | B55: Kiểm tra hiển thị cửa sổ “Nhập file” | D55: 1. Bấm chọn nút "Nhập file" | E55: Hệ thống hiển thị cửa sổ nhập file đầy đủ các thành phần theo thiết kế
A56: =IF(E56<>"",$E$3&"00"&COUNTA($E$15:E56),"") -> SP0036 | B56: Kiểm tra chức năng tải mẫu file nhập thành công | D56: 1. Bấm chọn nút "Nhập file" 2. Bấm chọn tải mẫu file "tại đây" | E56: Hệ thống tải xuống đúng file mẫu import
A57: =IF(E57<>"",$E$3&"00"&COUNTA($E$15:E57),"") -> SP0037 | B57: Kiểm tra upload file hợp lệ thành công | D57: 1. Bấm chọn nút "Nhập file" 2. Bấm vào vùng upload file 3. Chọn file upload | E57: Hệ thống import dữ liệu thành công và hiển thị thông báo đã import dữ liệu. Dữ liệu được lưu đúng trong cơ sở dữ liệu và hiển thị chính xác trên danh sách Thiết bị
A58: =IF(E58<>"",$E$3&"00"&COUNTA($E$15:E58),"") -> SP0038 | B58: Kiểm tra kéo thả file hợp lệ vào vùng upload thành công | D58: 1. Bấm chọn nút "Nhập file" 2. Kéo thả file vào vùng upload | E58: Hệ thống import dữ liệu thành công và hiển thị thông báo đã import dữ liệu. Dữ liệu được lưu đúng trong cơ sở dữ liệu và hiển thị chính xác trên danh sách Thiết bị
A59: =IF(E59<>"",$E$3&"00"&COUNTA($E$15:E59),"") -> SP0039 | B59: Kiểm tra xóa thành công file đã upload bằng icon thùng rác | D59: 1. Bấm chọn nút "Nhập file" 2. Upload file 3. Bấm chọn icon thùng rác | E59: Hệ thống xóa file đã upload ra khỏi giao diện
A60: =IF(E60<>"",$E$3&"00"&COUNTA($E$15:E60),"") -> SP0040 | B60: Kiểm tra trạng thái nút "xác nhận" khi chưa chọn file: hiển thị ở dạng không thể tương tác. | D60: 1. Bấm chọn nút "Nhập file" 3. Bấm chọn "Xác nhận" | E60: Không thể bấm vào "Xác nhận". Nút "Xác nhận" hiển thị ở dạng không thể tương tác.
A61: =IF(E61<>"",$E$3&"00"&COUNTA($E$15:E61),"") -> SP0041 | B61: Kiểm tra luồng nhập file không thành công khi nhấn nút “Hủy” | D61: 1. Bấm chọn nút "Nhập file" 2. Upload file 3. Bấm chọn "Hủy" | E61: Hệ thống đóng cửa sổ nhập file, không thực hiện import dữ liệu và không tạo mới dữ liệu trong hệ thống
A62: =IF(E62<>"",$E$3&"00"&COUNTA($E$15:E62),"") | B62: Thêm mới Thiết bị
A63: =IF(E63<>"",$E$3&"00"&COUNTA($E$15:E63),"") -> SP0042 | B63: - Kiểm tra title “Thiết bị” hiển thị đúng theo thiết kế | D63: 1. Truy cập màn hình "Thêm mới Thiết bị" | E63: Hiển thị đúng giao diện và vị trí theo thiết kế
A64: =IF(E64<>"",$E$3&"00"&COUNTA($E$15:E64),"") -> SP0043 | B64: - Kiểm tra font chữ, kích thước chữ của label, button, table header đúng thiết kế - Kiểm tra màu chữ đúng theo trạng thái | D64: 1. Truy cập màn hình "Thêm mới Thiết bị" | E64: Hiển thị đúng giao diện và vị trí theo thiết kế
A65: =IF(E65<>"",$E$3&"00"&COUNTA($E$15:E65),"") -> SP0044 | B65: Kiểm tra format của các Item trên màn hình so với các tài liệu thiết kế | D65: 1. Truy cập màn hình "Thêm mới Thiết bị" | E65: Hiển thị đúng giao diện và vị trí theo thiết kế
A66: =IF(E66<>"",$E$3&"00"&COUNTA($E$15:E66),"") -> SP0045 | B66: Các trường hiển thị đúng loại control theo thiết kế: - Dropdown: Trạng thái máy, Đơn vị sản xuất, Bậc thợ tối thiểu, Dụng cụ - Textbox: Mã máy, Tên máy, Xuất xứ, Năm sản xuất, Công suất điện, Lưu lượng khí nén, Mã thiết bị | D66: 1. Truy cập màn hình "Thêm mới Thiết bị" | E66: Hiển thị đúng giao diện và vị trí theo thiết kế
A67: =IF(E67<>"",$E$3&"00"&COUNTA($E$15:E67),"") -> SP0046 | B67: Kiểm tra hiển thị dữ liệu tại trường “Tên máy”trong màn hình Thêm mới Thiết bị khi để trống dữ liệu | D67: 1. Truy cập màn hình Thêm mới Thiết bị 2. Để trống trường “Thiết bị” 3. Bấm vào nút Lưu | E67: Hệ thống hiển thị thông báo bắt buộc nhập trường “Thiết bị” và không cho phép lưu
A68: =IF(E68<>"",$E$3&"00"&COUNTA($E$15:E68),"") -> SP0047 | B68: Kiểm tra hiển thị trường “Tên máy” trong màn hình Thêm mới Thiết bị khi nhập số ký tự nhỏ hơn độ dài tối thiểu | C68: A | D68: 1. Truy cập màn hình Thêm mới Thiết bị 2. Nhập dữ liệu kiểm thử 3. Bấm vào Lưu | E68: Hiển thị thông báo dữ liệu không đạt độ dài tối thiểu
A69: =IF(E69<>"",$E$3&"00"&COUNTA($E$15:E69),"") -> SP0048 | B69: Kiểm tra hiển trường “Tên máy” trong màn hình Thêm mới Thiết bị khi nhập số ký tự vượt quá độ dài tối đa | C69: Chuỗi vượt quá giới hạn cho phép 155 ký tự | D69: 1. Truy cập màn hình Thêm mới Thiết bị 2. Nhập dữ liệu kiểm thử 3. Bấm vào Lưu | E69: Hiển thị thông báo vượt quá số ký tự cho phép và không cho nhập thêm
A70: =IF(E70<>"",$E$3&"00"&COUNTA($E$15:E70),"") -> SP0049 | B70: Kiểm tra hiển thị trường “Tên máy” trong màn hình Thêm mới Thiết bị khi nhập dữ liệu có chứa khoảng trắng ở đầu và cuối | D70: 1. Truy cập màn hình Thêm mới Thiết bị 2. Nhập dữ liệu kiểm thử 3. Bấm vào Lưu | E70: Hệ thống tự động cắt khoảng trắng và lưu dưới định dạng mong muốn
A71: =IF(E71<>"",$E$3&"00"&COUNTA($E$15:E71),"") -> SP0050 | B71: Kiểm tra hiển thị trường “Tên máy” trong màn hình Thêm mới Thiết bị khi nhập dữ liệu trùng với Tên máy đã tồn tại trong hệ thống | D71: 1. Truy cập màn hình Thêm mới Thiết bị 2. Nhập dữ liệu kiểm thử 3. Bấm vào Lưu | E71: Hiển thị thông báo Tên máy đã tồn tại và không cho lưu
A72: =IF(E72<>"",$E$3&"00"&COUNTA($E$15:E72),"") -> SP0051 | B72: Kiểm tra hiển thị trường “Tên máy” trong màn hình Thêm mới Thiết bị khi nhập dữ liệu hợp lệ và thực hiện lưu thành công | D72: 1. Truy cập màn hình Thêm mới Thiết bị 2. Nhập dữ liệu kiểm thử 3. Bấm vào Lưu | E72: Hệ thống thực hiện lưu dữ liệu thành công. Tạo mới một bản ghi Thiết bị trong cơ sở dữ liệu với thông tin đúng theo dữ liệu đã nhập. Hiển thị bản ghi vừa tạo trong danh sách Thiết bị.
A73: =IF(E73<>"",$E$3&"00"&COUNTA($E$15:E73),"") -> SP0052 | B73: Kiểm tra hiển thị trường “Mã máy” trong màn hình Thêm mới Thiết bị khi hệ thống tự động sinh mã theo đúng format cấu hình | D73: 1. Truy cập màn hình Thêm mới Thiết bị | E73: Hệ thống tự động sinh Mã máy đúng theo format đã cấu hình
A74: =IF(E74<>"",$E$3&"00"&COUNTA($E$15:E74),"") -> SP0053 | B74: Kiểm tra hiển thị trường “Mã máy” trong màn hình Thêm mới Thiết bị khi hệ thống tự động sinh mã tăng tuần tự | D74: 1. Truy cập màn hình Thêm mới Thiết bị | E74: Hệ thống tự động sinh mã tiếp theo là PRODUCT-1727
A75: =IF(E75<>"",$E$3&"00"&COUNTA($E$15:E75),"") -> SP0054 | B75: Kiểm tra hiển thị trường “Mã máy” trong màn hình Thêm mới Thiết bị khi hệ thống tự động sinh mã không bị trùng với dữ liệu đã tồn tại | D75: 1. Truy cập màn hình Thêm mới Thiết bị nhiều lần 2. Thực hiện lưu dữ liệu | E75: Hệ thống sinh Mã máy duy nhất, không trùng với dữ liệu đã tồn tại trong cơ sở dữ liệu
A76: =IF(E76<>"",$E$3&"00"&COUNTA($E$15:E76),"") -> SP0055 | B76: Kiểm tra hiển thị trường “Mã máy” trong màn hình Thêm mới Thiết bị khi người dùng thực hiện chỉnh sửa mã được sinh tự động | D76: 1. Truy cập màn hình Thêm mới Thiết bị 2. Chỉnh sửa trường “Mã máy” | E76: Trường “Mã máy” ở trạng thái readonly và không cho phép chỉnh sửa
A77: =IF(E77<>"",$E$3&"00"&COUNTA($E$15:E77),"") -> SP0056 | B77: Kiểm tra hiển thị trường “Mã máy” trong màn hình Thêm mới Thiết bị khi thực hiện lưu dữ liệu với Mã máy được tự động sinh | D77: 1. Truy cập màn hình Thêm mới Thiết bị 2. Nhập đầy đủ dữ liệu hợp lệ 3. Bấm vào Lưu | E77: Hệ thống lưu dữ liệu thành công, tạo mới một bản ghi trong cơ sở dữ liệu với Mã máy được sinh tự động và hiển thị đúng trong danh sách Thiết bị
A78: =IF(E78<>"",$E$3&"00"&COUNTA($E$15:E78),"") -> SP0057 | B78: Kiểm tra hiển thị trường “Mã máy” trong màn hình Thêm mới Thiết bị khi người dùng hủy thao tác tạo mới sau khi hệ thống đã sinh Mã máy | D78: 1. Truy cập màn hình Thêm mới Thiết bị 2. Không lưu dữ liệu 3. Quay lại màn danh sách 4. Mở lại màn Thêm mới Thiết bị | E78: Hệ thống giữ nguyên Mã máy đã được sinh tự động trước đó khi người dùng hủy thao tác tạo mới và truy cập lại màn hình Thêm mới Thiết bị.
A79: =IF(E79<>"",$E$3&"00"&COUNTA($E$15:E79),"") -> SP0058 | B79: Kiểm tra hiển thị trường “Đơn vị sản xuất” trong màn hình Thêm mới Thiết bị khi hệ thống tải danh sách Đơn vị sản xuất | D79: 1. Truy cập màn hình Thêm mới Thiết bị 2. Bấm vào trường “Đơn vị sản xuất” | E79: Hệ thống hiển thị đầy đủ danh sách Đơn vị sản xuất theo dữ liệu cấu hình
A80: =IF(E80<>"",$E$3&"00"&COUNTA($E$15:E80),"") -> SP0059 | B80: Kiểm tra hiển thị trường “Đơn vị sản xuất” trong màn hình Thêm mới Thiết bị khi người dùng thực hiện chọn một Đơn vị sản xuất | D80: 1. Truy cập màn hình Thêm mới Thiết bị 2. Bấm chọn trường “Đơn vị sản xuất” 3. Chọn một danh mục trong danh sách | E80: Hệ thống hiển thị đúng giá trị danh mục đã chọn tại trường “Đơn vị sản xuất”
A81: =IF(E81<>"",$E$3&"00"&COUNTA($E$15:E81),"") -> SP0060 | B81: Kiểm tra hiển thị trường “Đơn vị sản xuất” trong màn hình Thêm mới Thiết bị khi người dùng chưa chọn Đơn vị sản xuất | D81: 1. Truy cập màn hình Thêm mới Thiết bị 2. Chọn tất cả trường bắt buộc và không chọn trường “Đơn vị sản xuất” 3. Bấm vào Lưu | E81: Hệ thống không cho phép lưu dữ liệu Hệ thống hiển thị thông báo yêu cầu chọn Đơn vị sản xuất Trường “Đơn vị sản xuất” được làm nổi bật viền
... A135: =IF(E135<>"",$E$3&"00"&COUNTA($E$15:E135),"") -> SP00114 | B135: Kiểm tra hiển thị dữ liệu tại trường “Mã thiết bị”trong màn hình Thêm mới Thiết bị khi để trống dữ liệu | D135: 1. Truy cập màn hình Thêm mới Thiết bị 2. Để trống trường “Thiết bị” 3. Bấm vào nút Lưu | E135: Hệ thống lưu dữ liệu thành công Tạo mới một bản ghi trong cơ sở dữ liệu với trường "Mã thiết bị" để trống
A136: =IF(E136<>"",$E$3&"00"&COUNTA($E$15:E136),"") -> SP00115 | B136: Kiểm tra hiển thị trường “Mã thiết bị” trong màn hình Thêm mới Thiết bị khi nhập số ký tự nhỏ hơn độ dài tối thiểu | C136: A | D136: 1. Truy cập màn hình Thêm mới Thiết bị 2. Nhập dữ liệu kiểm thử 3. Bấm vào Lưu | E136: Hiển thị thông báo dữ liệu không đạt độ dài tối thiểu
A137: =IF(E137<>"",$E$3&"00"&COUNTA($E$15:E137),"") -> SP00116 | B137: Kiểm tra hiển trường “Mã thiết bị” trong màn hình Thêm mới Thiết bị khi nhập số ký tự vượt quá độ dài tối đa | C137: Chuỗi vượt quá giới hạn cho phép 155 ký tự | D137: 1. Truy cập màn hình Thêm mới Thiết bị 2. Nhập dữ liệu kiểm thử 3. Bấm vào Lưu | E137: Hiển thị thông báo vượt quá số ký tự cho phép và không cho nhập thêm
A138: =IF(E138<>"",$E$3&"00"&COUNTA($E$15:E138),"") -> SP00117 | B138: Kiểm tra hiển thị trường “Mã thiết bị” trong màn hình Thêm mới Thiết bị khi nhập dữ liệu có chứa khoảng trắng ở đầu và cuối | D138: 1. Truy cập màn hình Thêm mới Thiết bị 2. Nhập dữ liệu kiểm thử 3. Bấm vào Lưu | E138: Hệ thống tự động cắt khoảng trắng và lưu dưới định dạng mong muốn
A139: =IF(E139<>"",$E$3&"00"&COUNTA($E$15:E139),"") -> SP00118 | B139: Kiểm tra hiển thị trường “Mã thiết bị” trong màn hình Thêm mới Thiết bị khi nhập dữ liệu trùng với Mã thiết bị đã tồn tại trong hệ thống | D139: 1. Truy cập màn hình Thêm mới Thiết bị 2. Nhập dữ liệu kiểm thử 3. Bấm vào Lưu | E139: Hiển thị thông báo Mã thiết bị đã tồn tại và không cho lưu
A140: =IF(E140<>"",$E$3&"00"&COUNTA($E$15:E140),"") -> SP00119 | B140: Kiểm tra hiển thị trường “Mã thiết bị” trong màn hình Thêm mới Thiết bị khi nhập dữ liệu hợp lệ và thực hiện lưu thành công | D140: 1. Truy cập màn hình Thêm mới Thiết bị 2. Nhập dữ liệu kiểm thử 3. Bấm vào Lưu | E140: Hệ thống thực hiện lưu dữ liệu thành công. Tạo mới một bản ghi Thiết bị trong cơ sở dữ liệu với thông tin đúng theo dữ liệu đã nhập. Hiển thị bản ghi vừa tạo trong danh sách Thiết bị.
A141: =IF(E141<>"",$E$3&"00"&COUNTA($E$15:E141),"") | B141: Chỉnh sửa Thiết bị
A142: =IF(E142<>"",$E$3&"00"&COUNTA($E$15:E142),"") -> SP00120 | B142: - Kiểm tra title “Thiết bị” hiển thị đúng theo thiết kế | D142: 1. Truy cập màn hình "Chỉnh sửa Thiết bị" | E142: Hiển thị đúng giao diện và vị trí theo thiết kế
A143: =IF(E143<>"",$E$3&"00"&COUNTA($E$15:E143),"") -> SP00121 | B143: - Kiểm tra font chữ, kích thước chữ của label, button, table header đúng thiết kế - Kiểm tra màu chữ đúng theo trạng thái | D143: 1. Truy cập màn hình "Chỉnh sửa Thiết bị" | E143: Hiển thị đúng giao diện và vị trí theo thiết kế
A144: =IF(E144<>"",$E$3&"00"&COUNTA($E$15:E144),"") -> SP00122 | B144: Kiểm tra format của các Item trên màn hình so với các tài liệu thiết kế | D144: 1. Truy cập màn hình "Chỉnh sửa Thiết bị" | E144: Hiển thị đúng giao diện và vị trí theo thiết kế
A145: =IF(E145<>"",$E$3&"00"&COUNTA($E$15:E145),"") -> SP00123 | B145: Các trường hiển thị đúng loại control theo thiết kế: - Dropdown: Trạng thái máy, Đơn vị sản xuất, Bậc thợ tối thiểu, Dụng cụ - Textbox: Mã máy, Tên máy, Xuất xứ, Năm sản xuất, Công suất điện, Lưu lượng khí nén, Mã thiết bị | D145: 1. Truy cập màn hình "Chỉnh sửa Thiết bị" | E145: Hiển thị đúng giao diện và vị trí theo thiết kế
A146: =IF(E146<>"",$E$3&"00"&COUNTA($E$15:E146),"") -> SP00124 | B146: Kiểm tra hiển thị dữ liệu tại trường “Tên máy”trong màn hình Chỉnh sửa Thiết bị khi để trống dữ liệu | D146: 1. Truy cập màn hình Chỉnh sửa Thiết bị 2. Để trống trường “Thiết bị” 3. Bấm vào nút Lưu | E146: Hệ thống hiển thị thông báo bắt buộc nhập trường “Thiết bị” và không cho phép lưu
A147: =IF(E147<>"",$E$3&"00"&COUNTA($E$15:E147),"") -> SP00125 | B147: Kiểm tra hiển thị trường “Tên máy” trong màn hình Chỉnh sửa Thiết bị khi nhập số ký tự nhỏ hơn độ dài tối thiểu | C147: A | D147: 1. Truy cập màn hình Chỉnh sửa Thiết bị 2. Nhập dữ liệu kiểm thử 3. Bấm vào Lưu | E147: Hiển thị thông báo dữ liệu không đạt độ dài tối thiểu
A148: =IF(E148<>"",$E$3&"00"&COUNTA($E$15:E148),"") -> SP00126 | B148: Kiểm tra hiển trường “Tên máy” trong màn hình Chỉnh sửa Thiết bị khi nhập số ký tự vượt quá độ dài tối đa | C148: Chuỗi vượt quá giới hạn cho phép 155 ký tự | D148: 1. Truy cập màn hình Chỉnh sửa Thiết bị 2. Nhập dữ liệu kiểm thử 3. Bấm vào Lưu | E148: Hiển thị thông báo vượt quá số ký tự cho phép và không cho nhập thêm
A149: =IF(E149<>"",$E$3&"00"&COUNTA($E$15:E149),"") -> SP00127 | B149: Kiểm tra hiển thị trường “Tên máy” trong màn hình Chỉnh sửa Thiết bị khi nhập dữ liệu có chứa khoảng trắng ở đầu và cuối | D149: 1. Truy cập màn hình Chỉnh sửa Thiết bị 2. Nhập dữ liệu kiểm thử 3. Bấm vào Lưu | E149: Hệ thống tự động cắt khoảng trắng và lưu dưới định dạng mong muốn
A150: =IF(E150<>"",$E$3&"00"&COUNTA($E$15:E150),"") -> SP00128 | B150: Kiểm tra hiển thị trường “Tên máy” trong màn hình Chỉnh sửa Thiết bị khi nhập dữ liệu trùng với Tên máy đã tồn tại trong hệ thống | D150: 1. Truy cập màn hình Chỉnh sửa Thiết bị 2. Nhập dữ liệu kiểm thử 3. Bấm vào Lưu | E150: Hiển thị thông báo Tên máy đã tồn tại và không cho lưu
A151: =IF(E151<>"",$E$3&"00"&COUNTA($E$15:E151),"") -> SP00129 | B151: Kiểm tra hiển thị trường “Tên máy” trong màn hình Chỉnh sửa Thiết bị khi nhập dữ liệu hợp lệ và thực hiện lưu thành công | D151: 1. Truy cập màn hình Chỉnh sửa Thiết bị 2. Nhập dữ liệu kiểm thử 3. Bấm vào Lưu | E151: Hệ thống thực hiện lưu dữ liệu thành công. Tạo mới một bản ghi Thiết bị trong cơ sở dữ liệu với thông tin đúng theo dữ liệu đã nhập. Hiển thị bản ghi vừa tạo trong danh sách Thiết bị.
A152: =IF(E152<>"",$E$3&"00"&COUNTA($E$15:E152),"") -> SP00130 | B152: Kiểm tra hiển thị trường “Mã máy” trong màn hình Chỉnh sửa Thiết bị khi hệ thống tự động sinh mã theo đúng format cấu hình | D152: 1. Truy cập màn hình Chỉnh sửa Thiết bị | E152: Hệ thống tự động sinh Mã máy đúng theo format đã cấu hình
A153: =IF(E153<>"",$E$3&"00"&COUNTA($E$15:E153),"") -> SP00131 | B153: Kiểm tra hiển thị trường “Mã máy” trong màn hình Chỉnh sửa Thiết bị khi hệ thống tự động sinh mã tăng tuần tự | D153: 1. Truy cập màn hình Chỉnh sửa Thiết bị | E153: Hệ thống tự động sinh mã tiếp theo là PRODUCT-1727
...

Sheet QuanLyDungCu
D1: KỊCH BẢN KIỂM THỬ *
D2: Tên màn hình/Tên chức năng | E2: Dụng cụ
D3: Mã trường hợp kiểm thử | E3: SP
D4: Số trường hợp kiểm thử đạt (P) | E4: 0
D5: Số trường hợp kiểm thử không đạt (F) | E5: 0
D6: Số trường hợp kiểm thử đang xem xét (PE) | E6: 0
D7: Số trường hợp kiểm thử chưa thực hiện | E7: 159
D8: Tổng số trường hợp kiểm thử | E8: 159
D9: Quay lại trang Tổng hợp
A10: Mã trường hợp kiểm thử | B10: Mục đích kiểm thử | C10: Dữ liệu kiểm thử | D10: Các bước thực hiện | E10: Kết quả mong muốn | F10: Chrome | I10: <Firefox> | L10: <Edge> | O10: <Tên trình duyệt 4> | R10: Kết quả hiện tại | S10: Mã lỗi | T10: Ghi chú
F11: Lần 1 | G11: Lần 2 | H11: Lần 3 | I11: Lần 1 | J11: Lần 2 | K11: Lần 3 | L11: Lần 1 | M11: Lần 2 | N11: Lần 3 | O11: Lần 1 | P11: Lần 2 | Q11: Lần 3
B12: Chức năng : Dụng cụ
B13: Tiền điều kiện: Bước 1: Đăng nhập vào hệ thống Bước 2: Chọn modul thông tin chung Bước 3: Chọn "Dụng cụ"
B14: Màn hình: Danh sách Dụng cụ
A15: =IF(E15<>"",$E$3&"00"&COUNTA($E$15:E15),"") -> SP001 | B15: - Kiểm tra title “Dụng cụ” hiển thị đúng theo thiết kế | E15: Hiển thị đúng giao diện và vị trí theo thiết kế
A16: =IF(E16<>"",$E$3&"00"&COUNTA($E$15:E16),"") -> SP002 | B16: - Kiểm tra vị trí các trường filter hiển thị đúng layout | E16: Hiển thị đúng giao diện và vị trí theo thiết kế
A17: =IF(E17<>"",$E$3&"00"&COUNTA($E$15:E17),"") -> SP003 | B17: - Kiểm tra font chữ, kích thước chữ của label, button, table header đúng thiết kế - Kiểm tra màu chữ đúng theo trạng thái | E17: Hiển thị đúng giao diện và vị trí theo thiết kế
A18: =IF(E18<>"",$E$3&"00"&COUNTA($E$15:E18),"") -> SP004 | B18: Kiểm tra format của các Item (Date, Decimal, …) trên màn hình so với các tài liệu thiết kế Figma | E18: Hiển thị đúng giao diện và vị trí theo thiết kế
A19: =IF(E19<>"",$E$3&"00"&COUNTA($E$15:E19),"") -> SP005 | B19: Kiểm tra đúng loại control: - Dropdown: Phân loại, Trạng thái - Textbox: Mã Dụng cụ, Tên Dụng cụ | E19: Hiển thị đúng giao diện và vị trí theo thiết kế
A20: =IF(E20<>"",$E$3&"00"&COUNTA($E$15:E20),"") -> SP006 | B20: Kiểm tra hiển thị đúng các cột: - Mã dụng cụ - Tên máy - Tên dụng cụ - Phân loại - Trạng thái - Hành động | E20: Hiển thị đúng giao diện và vị trí theo thiết kế
A21: =IF(E21<>"",$E$3&"00"&COUNTA($E$15:E21),"") | B21: Tìm kiếm theo Phân loại
A22: =IF(E22<>"",$E$3&"00"&COUNTA($E$15:E22),"") -> SP007 | B22: Kiểm tra hiển thị dropdown “Phân loại” trong màn hình Danh sách Dụng cụ khi hệ thống tải đầy đủ dữ liệu | D22: 1. Bấm vào thanh tìm kiếm "Phân loại" | E22: Hệ thống hiển thị đầy đủ danh sách Phân loại theo dữ liệu cấu hình
A23: =IF(E23<>"",$E$3&"00"&COUNTA($E$15:E23),"") -> SP008 | B23: Kiểm tra chọn một Phân loại từ dropdown trong màn hình Danh sách Dụng cụ | D23: 1. Bấm vào dropdown “Phân loại” 2. Chọn Phân loại | E23: Hệ thống hiển thị đúng các Dụng cụ thuộc Phân loại đã chọn
A24: =IF(E24<>"",$E$3&"00"&COUNTA($E$15:E24),"") -> SP009 | B24: Kiểm tra chọn nhiều Phân loại từ dropdown trong màn hình Danh sách Dụng cụ' | D24: 1. Bấm vào dropdown “Phân loại” 2. Chọn nhiều Phân loại | E24: Hệ thống không cho phép chọn nhiều Phân loại
A25: =IF(E25<>"",$E$3&"00"&COUNTA($E$15:E25),"") -> SP0010 | B25: Kiểm tra thay đổi Phân loại đã chọn trong màn hình Danh sách Dụng cụ | D25: 1. Bấm vào dropdown “Phân loại” 2. Chọn Phân loại 3. Chọn lại Phân loại khác | E25: Hệ thống cập nhật đúng giá trị mới được chọn
A26: =IF(E26<>"",$E$3&"00"&COUNTA($E$15:E26),"") -> SP0011 | B26: Kiểm tra xóa Phân loại đã chọn trong màn hình Danh sách Dụng cụ | D26: 1. Bấm vào dropdown “Phân loại” 2. Chọn Phân loại 3. Bấm icon xóa dữ liệu | E26: Hệ thống xóa đúng dữ liệu đã chọn và đưa dropdown về trạng thái mặc định
A27: =IF(E27<>"",$E$3&"00"&COUNTA($E$15:E27),"") -> SP0012 | B27: Kiểm tra tìm kiếm Phân loại trong dropdown ở màn hình Danh sách Dụng cụ | D27: 1. Bấm vào thanh tìm kiếm "Phân loại" 2. Nhập từ khóa tìm kiếm | E27: Hệ thống hiển thị đúng các Phân loại phù hợp với từ khóa
A28: =IF(E28<>"",$E$3&"00"&COUNTA($E$15:E28),"") -> SP0013 | B28: Kiểm tra đóng dropdown “Phân loại” khi bấm ra ngoài màn hình trong màn hình Danh sách Dụng cụ' | D28: 1. Bấm vào dropdown “Phân loại” 2. Bấm ra ngoài vùng dropdown | E28: Hệ thống đóng dropdown đúng theo thiết kế
A29: =IF(E29<>"",$E$3&"00"&COUNTA($E$15:E29),"") | B29: Tìm kiếm theo Trạng thái
A30: =IF(E30<>"",$E$3&"00"&COUNTA($E$15:E30),"") -> SP0014 | B30: Kiểm tra hiển thị dropdown “Trạng thái” trong màn hình Danh sách Dụng cụ khi hệ thống tải đầy đủ dữ liệu | D30: 1. Bấm vào thanh tìm kiếm "Trạng thái" | E30: Hệ thống hiển thị đầy đủ danh sách đơn vị sản xuất theo dữ liệu cấu hình
A31: =IF(E31<>"",$E$3&"00"&COUNTA($E$15:E31),"") -> SP0015 | B31: Kiểm tra chọn một đơn vị sản xuất từ dropdown trong màn hình Danh sách Dụng cụ | D31: 1. Bấm vào dropdown “Trạng thái” 2. Chọn Trạng thái | E31: Hệ thống hiển thị đúng các Dụng cụ thuộc đơn vị sản xuất đã chọn
A32: =IF(E32<>"",$E$3&"00"&COUNTA($E$15:E32),"") -> SP0016 | B32: Kiểm tra chọn nhiều đơn vị sản xuất từ dropdown trong màn hình Danh sách Dụng cụ' | D32: 1. Bấm vào dropdown “Trạng thái” 2. Chọn nhiều Trạng thái | E32: Hệ thống không cho phép chọn nhiều đơn vị sản xuất
A33: =IF(E33<>"",$E$3&"00"&COUNTA($E$15:E33),"") -> SP0017 | B33: Kiểm tra thay đổi đơn vị sản xuất đã chọn trong màn hình Danh sách Dụng cụ | D33: 1. Bấm vào dropdown “Trạng thái” 2. Chọn Trạng thái 3. Chọn lại Trạng thái khác | E33: Hệ thống cập nhật đúng giá trị mới được chọn
A34: =IF(E34<>"",$E$3&"00"&COUNTA($E$15:E34),"") -> SP0018 | B34: Kiểm tra xóa đơn vị sản xuất đã chọn trong màn hình Danh sách Dụng cụ | D34: 1. Bấm vào dropdown “Trạng thái” 2. Chọn đơn vị sản xuất 3. Bấm icon xóa dữ liệu | E34: Hệ thống xóa đúng dữ liệu đã chọn và đưa dropdown về trạng thái mặc định
A35: =IF(E35<>"",$E$3&"00"&COUNTA($E$15:E35),"") -> SP0019 | B35: Kiểm tra tìm kiếm đơn vị sản xuất trong dropdown ở màn hình Danh sách Dụng cụ | D35: 1. Bấm vào thanh tìm kiếm "Trạng thái" 2. Nhập từ khóa tìm kiếm | E35: Hệ thống hiển thị đúng các đơn vị sản xuất phù hợp với từ khóa
A36: =IF(E36<>"",$E$3&"00"&COUNTA($E$15:E36),"") -> SP0020 | B36: Kiểm tra đóng dropdown “Trạng thái” khi bấm ra ngoài màn hình trong màn hình Danh sách Dụng cụ' | D36: 1. Bấm vào dropdown “Trạng thái” 2. Bấm ra ngoài vùng dropdown | E36: Hệ thống đóng dropdown đúng theo thiết kế
A37: =IF(E37<>"",$E$3&"00"&COUNTA($E$15:E37),"") | B37: Tìm kiếm theo Mã dụng cụ
A38: =IF(E38<>"",$E$3&"00"&COUNTA($E$15:E38),"") -> SP0021 | B38: Kiểm tra tìm kiếm Dụng cụ thành công theo Mã dụng cụ đầy đủ | D38: 1.Bấm vào thanh tìm kiếm "Mã dụng cụ" 2. Nhập Mã dụng cụ vào thanh tìm kiếm 3. Nhấn Enter | E38: Hệ thống hiển thị đúng Dụng cụ có mã như đã tìm kiếm
A39: =IF(E39<>"",$E$3&"00"&COUNTA($E$15:E39),"") -> SP0022 | B39: Kiểm tra tìm kiếm thành công theo Mã dụng cụ không đầy đủ | D39: 1.Bấm vào thanh tìm kiếm "Mã dụng cụ" 2. Nhập Mã dụng cụ vào thanh tìm kiếm | E39: Hệ thống hiển thị các Dụng cụ chứa giá trị tìm kiếm theo rule hệ thống
A40: =IF(E40<>"",$E$3&"00"&COUNTA($E$15:E40),"") -> SP0023 | B40: Kiểm tra tìm kiếm thành công khi có khoảng trắng ở đầu và cuối dữ liệu tìm kiếm | D40: 1.Bấm vào thanh tìm kiếm "Mã dụng cụ" 2. Nhập Mã dụng cụ vào thanh tìm kiếm | E40: Hệ thống tự động loại bỏ khoảng trắng dư thừa và hiển thị đúng kết quả tìm kiếm
A41: =IF(E41<>"",$E$3&"00"&COUNTA($E$15:E41),"") -> SP0024 | B41: Kiểm tra tìm kiếm thành công theo Mã dụng cụ khi không tồn tại Mã dụng cụ | D41: 1.Bấm vào thanh tìm kiếm "Mã dụng cụ" 2. Nhập Mã dụng cụ không tồn tại | E41: Hệ thống hiển thị trạng thái “Không có dữ liệu”
A42: =IF(E42<>"",$E$3&"00"&COUNTA($E$15:E42),"") -> SP0025 | B42: Kiểm tra xóa thành công dữ liệu tìm kiếm | D42: 1.Bấm vào thanh tìm kiếm "Mã dụng cụ" 2. Nhập Mã dụng cụ vào thanh tìm kiếm | E42: Hệ thống xóa dữ liệu tìm kiếm và hiển thị lại danh sách mặc định
A43: =IF(E43<>"",$E$3&"00"&COUNTA($E$15:E43),"") | B43: Tìm kiếm theo Tên dụng cụ
A44: =IF(E44<>"",$E$3&"00"&COUNTA($E$15:E44),"") -> SP0026 | B44: Kiểm tra tìm kiếm Tên dụng cụthành công theo Tên dụng cụđầy đủ | D44: 1.Bấm vào thanh tìm kiếm "Tìm kiếm theo Tên dụng cụ" 2. Nhập Tên dụng cụ vào thanh tìm kiếm | E44: Hệ thống hiển thị đúng Tên dụng cụcó mã
A45: =IF(E45<>"",$E$3&"00"&COUNTA($E$15:E45),"") -> SP0027 | B45: Kiểm tra tìm kiếm thành công theo Tên dụng cụkhông đầy đủ | D45: 1.Bấm vào thanh tìm kiếm "Tìm kiếm theo Tên dụng cụ" 2. Nhập Tên dụng cụ vào thanh tìm kiếm | E45: Hệ thống hiển thị các Tên dụng cụchứa giá trị tìm kiếm theo rule hệ thống
A46: =IF(E46<>"",$E$3&"00"&COUNTA($E$15:E46),"") -> SP0028 | B46: Kiểm tra tìm kiếm thành công theo Tên dụng cụkhi có khoảng trắng ở đầu và cuối dữ liệu tìm kiếm | D46: 1.Bấm vào thanh tìm kiếm "Tìm kiếm theo Tên dụng cụ" 2. Nhập Tên dụng cụ vào thanh tìm kiếm | E46: Hệ thống tự động loại bỏ khoảng trắng dư thừa và hiển thị đúng kết quả tìm kiếm
A47: =IF(E47<>"",$E$3&"00"&COUNTA($E$15:E47),"") -> SP0029 | B47: Kiểm tra tìm kiếm thành công theo Mã Tên dụng cụkhi không tồn tại mã Mã dụng cụ | D47: 1.Bấm vào thanh tìm kiếm "Tìm kiếm theo Tên dụng cụ" 2. Nhập Tên dụng cụvào thanh tìm kiếm | E47: Hệ thống hiển thị trạng thái “Không có dữ liệu”
A48: =IF(E48<>"",$E$3&"00"&COUNTA($E$15:E48),"") -> SP0030 | B48: Kiểm tra xóa thành công dữ liệu tìm kiếm | D48: 1.Bấm vào thanh tìm kiếm "Tìm kiếm theo Tên dụng cụ" 2. Nhập Tên dụng cụ vào thanh tìm kiếm | E48: Hệ thống xóa dữ liệu tìm kiếm và hiển thị lại danh sách mặc định
A49: =IF(E49<>"",$E$3&"00"&COUNTA($E$15:E49),"") | B49: Xuất file
A50: =IF(E50<>"",$E$3&"00"&COUNTA($E$15:E50),"") -> SP0031 | B50: Kiểm tra xuất file thành công | D50: 1. Bấm chọn nút xuất file | E50: Hệ thống xuất file thành công và tải file về máy người dùng
A51: =IF(E51<>"",$E$3&"00"&COUNTA($E$15:E51),"") -> SP0032 | B51: Kiểm tra dữ liệu hiển thị trong file export | D51: 1. Bấm chọn nút xuất file 2. Export file 3. Mở file đã tải | E51: Dữ liệu trong file hiển thị đầy đủ và chính xác theo dữ liệu trên hệ thống
A52: =IF(E52<>"",$E$3&"00"&COUNTA($E$15:E52),"") -> SP0033 | B52: Kiểm tra export dữ liệu hiển thị đúng theo điều kiện tìm kiếm | D52: 1. Tìm kiếm theo điều kiện tìm kiếm 2. Bấm chọn nút xuất file 3. Export file 4. Mở file đã tải | E52: File export chỉ chứa dữ liệu theo điều kiện đã tìm kiếm
A53: =IF(E53<>"",$E$3&"00"&COUNTA($E$15:E53),"") -> SP0034 | B53: Kiểm tra export không thành công khi không có dữ liệu | D53: 1. Bấm chọn nút "Xuất file" | E53: Hệ thống hiển thị thông báo "Không có dữ liệu để export" và Hệ thống xuất file không thành công và không tải file về máy người dùng
A54: =IF(E54<>"",$E$3&"00"&COUNTA($E$15:E54),"") | B54: Nhập file
A55: =IF(E55<>"",$E$3&"00"&COUNTA($E$15:E55),"") -> SP0035 | B55: Kiểm tra hiển thị cửa sổ “Nhập file” | D55: 1. Bấm chọn nút "Nhập file" | E55: Hệ thống hiển thị cửa sổ nhập file đầy đủ các thành phần theo thiết kế
A56: =IF(E56<>"",$E$3&"00"&COUNTA($E$15:E56),"") -> SP0036 | B56: Kiểm tra chức năng tải mẫu file nhập thành công | D56: 1. Bấm chọn nút "Nhập file" 2. Bấm chọn tải mẫu file "tại đây" | E56: Hệ thống tải xuống đúng file mẫu import
A57: =IF(E57<>"",$E$3&"00"&COUNTA($E$15:E57),"") -> SP0037 | B57: Kiểm tra upload file hợp lệ thành công | D57: 1. Bấm chọn nút "Nhập file" 2. Bấm vào vùng upload file 3. Chọn file upload | E57: Hệ thống import dữ liệu thành công và hiển thị thông báo đã import dữ liệu. Dữ liệu được lưu đúng trong cơ sở dữ liệu và hiển thị chính xác trên danh sách Dụng cụ
